<form>
<view>
<name>mIABISStudyInformation</name>
<caption><![CDATA[MIABIS study information]]></caption>
<row>
<listBox>
<name>DD2</name>
<udn>studyDesign</udn>
<caption><![CDATA[Study design]]></caption>
<phi>false</phi>
<mandatory>false</mandatory>
<toolTip><![CDATA[]]></toolTip>
<showLabel>true</showLabel>
<showInGrid>false</showInGrid>
<options>
<option>
<value><![CDATA[Case-control]]></value>
</option>
<option>
<value><![CDATA[Cohort]]></value>
</option>
<option>
<value><![CDATA[Cross-sectional]]></value>
</option>
<option>
<value><![CDATA[Longitudinal]]></value>
</option>
<option>
<value><![CDATA[Twin-study]]></value>
</option>
<option>
<value><![CDATA[Quality control]]></value>
</option>
<option>
<value><![CDATA[Population-based]]></value>
</option>
<option>
<value><![CDATA[Disease specific]]></value>
</option>
<option>
<value><![CDATA[Birth cohort]]></value>
</option>
<option>
<value><![CDATA[Other]]></value>
</option>
</options>
<autoCompleteDropdown>false</autoCompleteDropdown>
<noOfRows>0</noOfRows>
<minQueryChars>3</minQueryChars>
<multiSelect>true</multiSelect>
</listBox>
</row>
<row>
<listBox>
<name>MLB3</name>
<udn>dataCategories</udn>
<caption><![CDATA[Data categories]]></caption>
<phi>false</phi>
<mandatory>false</mandatory>
<toolTip><![CDATA[]]></toolTip>
<showLabel>true</showLabel>
<showInGrid>false</showInGrid>
<options>
<option>
<value><![CDATA[Biological samples]]></value>
</option>
<option>
<value><![CDATA[Survey data]]></value>
</option>
<option>
<value><![CDATA[Imaging data]]></value>
</option>
<option>
<value><![CDATA[Medical records]]></value>
</option>
<option>
<value><![CDATA[National registries]]></value>
</option>
<option>
<value><![CDATA[Genealogical records]]></value>
</option>
<option>
<value><![CDATA[Physiological/Biochemical measurements]]></value>
</option>
<option>
<value><![CDATA[Other]]></value>
</option>
</options>
<autoCompleteDropdown>false</autoCompleteDropdown>
<noOfRows>0</noOfRows>
<minQueryChars>3</minQueryChars>
<multiSelect>true</multiSelect>
</listBox>
</row>
<row>
<textArea>
<name>TA5</name>
<udn>description</udn>
<caption><![CDATA[Description]]></caption>
<phi>false</phi>
<mandatory>false</mandatory>
<toolTip><![CDATA[Study Decription]]></toolTip>
<showLabel>true</showLabel>
<showInGrid>false</showInGrid>
<width>3</width>
<defaultValue><![CDATA[]]></defaultValue>
<height>3</height>
</textArea>
</row>
</view>
<skipRules>
</skipRules>
</form>
