#macro(getMessage $code)$messageSource.getMessage($code, null, $locale)#end

<form>
  <view>
    <name>SpecimenProcedureEvent</name>
    <caption>#getMessage("procedure_event")</caption>
    <table>CATISSUE_PROCEDURE_EVENT_PARAM</table>
    <primaryKey>IDENTIFIER</primaryKey>

    <row>
      <textField>
        <name>url</name>
        <udn>url</udn>
        <caption>#getMessage("procedure_event_url")</caption>
        <column>URL</column>
        <mandatory>true</mandatory>
      </textField>
    </row>

    <row>
      <textField>
        <name>name</name>
        <udn>name</udn>
        <caption>#getMessage("procedure_event_name")</caption>
        <column>NAME</column>
        <mandatory>true</mandatory>
      </textField>
    </row>

    <row>
      <userField>
        <name>user</name>
        <udn>user</udn>
        <caption>#getMessage("specimen_event_user")</caption>
        <column>USER_ID</column>
        <showInGrid>true</showInGrid>
        <mandatory>true</mandatory>
      </userField>
    </row>

    <row>
      <datePicker>
        <name>time</name>
        <udn>time</udn>
        <caption>#getMessage("specimen_event_date_time")</caption>
        <column>EVENT_TIMESTAMP</column>
        <format>MM-dd-yyyy HH:mm</format>
        <showInGrid>true</showInGrid>
        <default>current_date</default>
        <mandatory>true</mandatory>
      </datePicker>
    </row>

    <row>
      <textArea>
        <name>comments</name>
        <udn>comments</udn>
        <caption>#getMessage("specimen_event_comments")</caption>
        <column>COMMENTS</column>
        <height>2</height>
      </textArea>
    </row>
  </view>
</form>

