<form>
<view>
<name>mIABISparticipant</name>
<caption><![CDATA[MIABIS participant]]></caption>
<row>
<listBox>
<name>MLB2</name>
<udn>categoriesOfDataCollected</udn>
<caption><![CDATA[Categories of data collected]]></caption>
<phi>false</phi>
<mandatory>false</mandatory>
<toolTip><![CDATA[]]></toolTip>
<showLabel>true</showLabel>
<showInGrid>false</showInGrid>
<options>
<option>
<value><![CDATA[Biological samples]]></value>
</option>
<option>
<value><![CDATA[Survey data]]></value>
</option>
<option>
<value><![CDATA[Imaging data]]></value>
</option>
<option>
<value><![CDATA[Medical records]]></value>
</option>
<option>
<value><![CDATA[National registries]]></value>
</option>
<option>
<value><![CDATA[Genealogical records]]></value>
</option>
<option>
<value><![CDATA[Physiological/Biochemical measurements]]></value>
</option>
<option>
<value><![CDATA[Other]]></value>
</option>
</options>
<autoCompleteDropdown>false</autoCompleteDropdown>
<noOfRows>0</noOfRows>
<minQueryChars>3</minQueryChars>
<multiSelect>true</multiSelect>
</listBox>
</row>
<row>
<textField>
<name>ST4</name>
<udn>deathCause</udn>
<caption><![CDATA[Death Cause]]></caption>
<phi>false</phi>
<mandatory>false</mandatory>
<toolTip><![CDATA[]]></toolTip>
<showLabel>true</showLabel>
<showInGrid>false</showInGrid>
<width>4</width>
<defaultValue><![CDATA[]]></defaultValue>
<url>false</url>
<password>false</password>
</textField>
</row>
<row>
<textArea>
<name>TA5</name>
<udn>surveyData</udn>
<caption><![CDATA[Survey Data]]></caption>
<phi>false</phi>
<mandatory>false</mandatory>
<toolTip><![CDATA[]]></toolTip>
<showLabel>true</showLabel>
<showInGrid>false</showInGrid>
<width>3</width>
<defaultValue><![CDATA[]]></defaultValue>
<height>3</height>
</textArea>
</row>
</view>
<skipRules>
</skipRules>
</form>
