#macro(getMessage $code)$messageSource.getMessage($code, null, $locale)#end

<object-schema>
  <name>storageContainer</name>
  <record> 
    <name>com.krishagni.catissueplus.core.administrative.events.StorageContainerDetail</name>
    
    <field>
      <caption>#getMessage("container_name")</caption>
      <attribute>name</attribute>
    </field>

    <field>
      <caption>#getMessage("container_barcode")</caption>
      <attribute>barcode</attribute>
    </field>

    <field>
      <caption>#getMessage("container_type")</caption>
      <attribute>typeName</attribute>
    </field>

    <field>
      <caption>#getMessage("container_activity_status")</caption>
      <attribute>activityStatus</attribute>
    </field>

    <field>
      <caption>#getMessage("container_site")</caption>
      <attribute>siteName</attribute>
    </field>
    
    <record>
      <attribute>storageLocation</attribute>
      <caption>#getMessage("container_storage_location")</caption>
      
      <field>
        <caption>#getMessage("container_parent_container")</caption>
        <attribute>name</attribute>
      </field>
      
      <field>
        <caption>#getMessage("container_position_row")</caption>
        <attribute>positionY</attribute>
      </field>
      
      <field>
        <caption>#getMessage("container_position_column")</caption>
        <attribute>positionX</attribute>
      </field>
    </record>

    <field>
      <caption>#getMessage("container_no_of_columns")</caption>
      <attribute>noOfColumns</attribute>
    </field>

    <field>
      <caption>#getMessage("container_no_of_rows")</caption>
      <attribute>noOfRows</attribute>
    </field>

    <field>
      <caption>#getMessage("container_column_labeling_scheme")</caption>
      <attribute>columnLabelingScheme</attribute>
    </field>

    <field>
      <caption>#getMessage("container_row_labeling_scheme")</caption>
      <attribute>rowLabelingScheme</attribute>
    </field>

    <field>
      <multiple>true</multiple>
      <caption>#getMessage("container_allowed_specimen_class")</caption>
      <attribute>allowedSpecimenClasses</attribute>
    </field>

    <field>
      <multiple>true</multiple>
      <caption>#getMessage("container_allowed_specimen_type")</caption>
      <attribute>allowedSpecimenTypes</attribute>
    </field>

    <field>
      <multiple>true</multiple>
      <caption>#getMessage("container_allowed_cp")</caption>
      <attribute>allowedCollectionProtocols</attribute>
    </field>

    <field>
      <type>boolean</type>
      <caption>#getMessage("container_stores_specimen")</caption>
      <attribute>storeSpecimensEnabled</attribute>
    </field>
  </record>
</object-schema>
