<?xml version="1.0" encoding="UTF-8"?>
<beans xmlns="http://www.springframework.org/schema/beans"
  xmlns:xsi="http://www.w3.org/2001/XMLSchema-instance"
  xmlns:context="http://www.springframework.org/schema/context"
  xmlns:p="http://www.springframework.org/schema/p"
  xmlns:c="http://www.springframework.org/schema/c"
  xmlns:util="http://www.springframework.org/schema/util"
  xmlns:tx="http://www.springframework.org/schema/tx"
  xmlns:aop="http://www.springframework.org/schema/aop"
  xmlns:mvc="http://www.springframework.org/schema/mvc"
  xsi:schemaLocation="http://www.springframework.org/schema/beans 
    http://www.springframework.org/schema/beans/spring-beans-3.2.xsd
    http://www.springframework.org/schema/tx
    http://www.springframework.org/schema/tx/spring-tx-3.2.xsd
    http://www.springframework.org/schema/aop 
    http://www.springframework.org/schema/aop/spring-aop-3.2.xsd
    http://www.springframework.org/schema/context 
    http://www.springframework.org/schema/context/spring-context-3.2.xsd
    http://www.springframework.org/schema/mvc http://www.springframework.org/schema/mvc/spring-mvc.xsd">

  <bean id="sgh-liquibase" class="liquibase.integration.spring.SpringLiquibase">
    <property name="dataSource" ref="dataSource"/>
    <property name="changeLog" value="classpath:com/krishagni/openspecimen/sgh/db-changelog-2.1.xml" />
  </bean>

  <bean id="sgCprService" class="com.krishagni.openspecimen.sgh.services.impl.CprServiceImpl">
    <property name="daoFactory"  ref="biospecimenDaoFactory"/>
    <property name="cprService"  ref="cprSvc"/>
    <property name="visitService"  ref="visitService"/>
    <property name="specimenSvc" ref="specimenSvc"/>
    <property name="tridGenerator" ref="tridGenerator"/>
    <property name="cfgSvc" ref="cfgSvc"/>
  </bean>
  
  <bean id="sghReportsDeIdentifier" class="com.krishagni.openspecimen.sgh.services.impl.SprDeIdentifier">
    <property name="sessionFactory" ref="sessionFactory" />
    <property name="daoFactory"  ref="biospecimenDaoFactory"/>
  </bean> 
  
  <bean id="migrateSprs" class="com.krishagni.openspecimen.sgh.init.MigrateSurgicalPathologyReports">
    <property name="txnMgr" ref="transactionManager"/>
    <property name="jdbcTemplate" ref="jdbcTemplate"/>
    <property name="cfgSvc" ref="cfgSvc"/>
  </bean>
  
  <bean id="tridPrintSvc" class="com.krishagni.openspecimen.sgh.services.impl.TridPrintSvcImpl">
    <property name="cfgSvc" ref="cfgSvc"/>
    <property name="tridGenerator" ref="tridGenerator"/>
    <property name="daoFactory"  ref="biospecimenDaoFactory"/>
  </bean>
  
  <bean id="tridGenerator" class="com.krishagni.openspecimen.sgh.services.impl.TridGeneratorImpl">
    <property name="daoFactory"  ref="biospecimenDaoFactory"/>
  </bean>

</beans>
