<?xml version='1.0' encoding='utf-8'?>
<!DOCTYPE hibernate-mapping PUBLIC
    "-//Hibernate/Hibernate Mapping DTD 3.0//EN"
    "http://hibernate.sourceforge.net/hibernate-mapping-3.0.dtd">

<hibernate-mapping auto-import="false">
  <class 
    name="com.krishagni.catissueplus.core.administrative.domain.PermissibleValue" 
    table="CATISSUE_PERMISSIBLE_VALUE">
	
    <id name="id" column="IDENTIFIER">
      <generator class="native">
        <param name="sequence">CATISSUE_PERMI_VALUE_SEQ</param>
      </generator>
    </id>

    <property name="attribute" column="PUBLIC_ID"/>

    <property name="value" column="VALUE"/>

    <property name="conceptCode" column="CONCEPT_CODE"/>
    
    <property name="sortOrder" column="SORTORDER"/>

    <many-to-one
      name="parent"
      class="com.krishagni.catissueplus.core.administrative.domain.PermissibleValue"
      column="PARENT_IDENTIFIER"/>

    <set name="children" inverse="false" cascade="none">
      <key column="PARENT_IDENTIFIER"/>
      <one-to-many class="com.krishagni.catissueplus.core.administrative.domain.PermissibleValue"/>
    </set>

    <query name="getSpecimenTypes">
      select
        pv.value
      from
        com.krishagni.catissueplus.core.administrative.domain.PermissibleValue pv
        join pv.parent ppv
      where
        ppv.attribute = '2003991' and
        ppv.value in (:specimenClasses)
    </query>

    <query name="getByConceptCode">
      from
        com.krishagni.catissueplus.core.administrative.domain.PermissibleValue pv
      where
        pv.attribute = :attribute and
        pv.conceptCode = :conceptCode
    </query>

    <query name="getByValue">
      from
        com.krishagni.catissueplus.core.administrative.domain.PermissibleValue pv
      where
        pv.attribute = :attribute and
        pv.value = :value
    </query>
  </class>
</hibernate-mapping>
