<?xml version='1.0' encoding='utf-8'?>
<!DOCTYPE hibernate-mapping PUBLIC
    "-//Hibernate/Hibernate Mapping DTD 3.0//EN"
    "http://hibernate.sourceforge.net/hibernate-mapping-3.0.dtd">

<hibernate-mapping>
  <class 
    name="com.krishagni.rbac.domain.Role" 
    table="RBAC_ROLES">

    <id name="id" column="IDENTIFIER">
      <generator class="native">
        <param name="sequence">RBAC_ROLES_SEQ</param>
      </generator>
    </id>
    
    <property name="name" column="NAME" />
    
    <property name="description" column="DESCRIPTION" />
    
    <set name="acl" inverse="true" cascade="all-delete-orphan" table="RBAC_ROLE_ACCESS_LIST">
      <key column="ROLE_ID"/>
      <one-to-many class="com.krishagni.rbac.domain.RoleAccessControl"/>
    </set>
    
    <many-to-one name="parentRole" class="com.krishagni.rbac.domain.Role" column="PARENT_ROLE_ID"/>
      
    <set name="childRoles" table="RBAC_ROLES" cascade="save-update" inverse="true">
      <key column="PARENT_ROLE_ID"/>
      <one-to-many class="com.krishagni.rbac.domain.Role"/>
    </set>
    
    <query name="getAllRoles">
      from com.krishagni.rbac.domain.Role
    </query>
    
    <query name="getRolesByNames">
      from 
        com.krishagni.rbac.domain.Role r 
      where 
        r.name in (:roleNames)
    </query>
  </class> 
</hibernate-mapping>
