<?xml version="1.0" encoding="UTF-8"?>
<databaseChangeLog 
  xmlns="http://www.liquibase.org/xml/ns/dbchangelog"
  xmlns:xsi="http://www.w3.org/2001/XMLSchema-instance" xmlns:ext="http://www.liquibase.org/xml/ns/dbchangelog-ext"
  xsi:schemaLocation="http://www.liquibase.org/xml/ns/dbchangelog http://www.liquibase.org/xml/ns/dbchangelog/dbchangelog-2.0.xsd
        http://www.liquibase.org/xml/ns/dbchangelog-ext http://www.liquibase.org/xml/ns/dbchangelog/dbchangelog-ext.xsd">

  <property name="boolean.type" value="boolean" dbms="mysql" />
  <property name="boolean.type" value="number(1,0)" dbms="oracle" />
  <property name="text.type" value="varchar" dbms="mysql" />
  <property name="text.type" value="varchar2" dbms="oracle" />
 
  <changeSet author="hemantk" id="removing existing ethicity values from PVs table">
    <sql>
      delete from 
        catissue_permissible_value 
      where 
        public_id='Ethnicity_PID';
    </sql>
  </changeSet>
  
  <changeSet author="hemantk" id="Permissible_values csv file upload">
    <loadData encoding="UTF-8"
      file="classpath:com/krishagni/openspecimen/miabis/2.4/pvs.csv"
      tableName="CATISSUE_PERMISSIBLE_VALUE">
      <column name="identifier" type="NUMERIC"/>
      <column name="parent_identifier" type="NUMERIC"/>
    </loadData>
  </changeSet>

</databaseChangeLog>
