<?xml version='1.0' encoding='utf-8'?>
<!DOCTYPE hibernate-mapping PUBLIC
    "-//Hibernate/Hibernate Mapping DTD 3.0//EN"
    "http://hibernate.sourceforge.net/hibernate-mapping-3.0.dtd">

<hibernate-mapping auto-import="false">
  <class name="com.krishagni.catissueplus.core.administrative.domain.Department" 
    table="OS_DEPARTMENTS">
    
    <id name="id" column="IDENTIFIER">
      <generator class="native">
        <param name="sequence">OS_DEPARTMENTS_SEQ</param>
      </generator>
    </id>

    <property name="name" column="NAME"/>
            
    <many-to-one
      name="institute"
      class="com.krishagni.catissueplus.core.administrative.domain.Institute"
      column="INSTITUTE_ID"/>
        
    <set
      name="users"
      table="CATISSUE_USER">
      <key column="DEPARTMENT_ID"/>
      <one-to-many  class="com.krishagni.catissueplus.core.administrative.domain.User" />
      <filter name="activeEntity"/>
    </set>
    
    <query name="getDepartment">
      from 
        com.krishagni.catissueplus.core.administrative.domain.Department department 
      where
        department.id = :id and department.institute.id = :instituteId 
    </query>
	
    <query name="getDeptByNameAndInstitute">
      from 
        com.krishagni.catissueplus.core.administrative.domain.Department department 
      where
        department.name = :deptName and department.institute.name = :instituteName  
    </query>    
    
  </class>
</hibernate-mapping>
