<?xml version='1.0' encoding='utf-8'?>
<!DOCTYPE hibernate-mapping PUBLIC
    "-//Hibernate/Hibernate Mapping DTD 3.0//EN"
    "http://hibernate.sourceforge.net/hibernate-mapping-3.0.dtd">

<hibernate-mapping auto-import="false">

  <class
    name="com.krishagni.catissueplus.core.biospecimen.domain.CollectionProtocolEvent"
    table="CATISSUE_COLL_PROT_EVENT"
    lazy="true" >

    <id
      name="id"
      column="IDENTIFIER"
      type="long"
      length="30">
      <generator class="native">
      <param name="sequence">CATISSUE_COLL_PROT_EV_SEQ</param>
      </generator>
    </id>

    <property
      name="eventLabel"
      type="string"
      column="COLLECTION_POINT_LABEL"
      length="255"/>

    <property
      name="eventPoint"
      type="double"
      column="STUDY_CALENDAR_EVENT_POINT"
      length="50"/>

    <many-to-one
      name="collectionProtocol"
      class="com.krishagni.catissueplus.core.biospecimen.domain.CollectionProtocol"
      cascade="none"
      outer-join="auto"
      column="COLLECTION_PROTOCOL_ID"/>

    <many-to-one
      name="defaultSite"
      class="com.krishagni.catissueplus.core.administrative.domain.Site"
      cascade="none"      
      lazy="false"
      column="DEFAULT_SITE_ID"/> 
      
    <property
      name="activityStatus"
      type="string"
      column="ACTIVITY_STATUS"
      length="50"/>
      
    <property
      name="clinicalDiagnosis"
      type="string"
      column="CLINICAL_DIAGNOSIS"
      length="150"/>
      
    <property
      name="clinicalStatus"
      type="string"
      column="CLINICAL_STATUS"
      length="50"/>

    <property name="code" column="CODE"/>
      
    <set name="specimenRequirements" table="CATISSUE_CP_REQ_SPECIMEN"
      inverse="true" cascade="all-delete-orphan" order-by="id asc">
      <key column="COLLECTION_PROTOCOL_EVENT_ID"/>
      <one-to-many class="com.krishagni.catissueplus.core.biospecimen.domain.SpecimenRequirement"/>
      <filter name="activeEntity"/>
    </set>

    <set
      name="specimenCollectionGroups"
      table="CATISSUE_SPECIMEN_COLL_GROUP"
      lazy="true"
      inverse="true"
      cascade="save-update"
      sort="unsorted">
      <key column="COLLECTION_PROTOCOL_EVENT_ID"/>

      <one-to-many class="com.krishagni.catissueplus.core.biospecimen.domain.Visit"/>
    </set>

    <filter name="activeEntity"/>

    <query name="getCpeByIds">
      from 
        com.krishagni.catissueplus.core.biospecimen.domain.CollectionProtocolEvent cpe
      where
        cpe.id in (:cpeIds)
    </query>

    <query name="getByCode">
      select
        cpe
      from
        com.krishagni.catissueplus.core.biospecimen.domain.CollectionProtocolEvent cpe
        join cpe.collectionProtocol cp
      where
        cp.shortTitle = :shortTitle and
        cpe.code = :code
    </query>
  </class>
</hibernate-mapping>
