<?xml version='1.0' encoding='utf-8'?>
<!DOCTYPE hibernate-mapping PUBLIC
    "-//Hibernate/Hibernate Mapping DTD 3.0//EN"
    "http://hibernate.sourceforge.net/hibernate-mapping-3.0.dtd">

<hibernate-mapping auto-import="false">
  <class
    name="com.krishagni.catissueplus.core.common.domain.ConfigProperty"
    table="OS_CFG_PROPS">
	
    <id name="id" column="IDENTIFIER">
      <generator class="native">
        <param name="sequence">OS_CFG_PROPS_SEQ</param>
      </generator>
    </id>

    <many-to-one
      name="module"
      class="com.krishagni.catissueplus.core.common.domain.Module"
      column="MODULE_ID"/>

    <property name="name" column="NAME" unique="true"/>

    <property name="displayNameCode" column="DISPLAY_NAME_CODE"/>

    <property name="descCode" column="DESC_CODE"/>

    <property name="dataType" column="DATA_TYPE" not-null="true">
      <type name="org.hibernate.type.EnumType">
        <param name="enumClass">com.krishagni.catissueplus.core.common.domain.ConfigProperty$DataType</param>
        <param name="type">12</param>
      </type>
    </property>

    <set name="allowedValues" table="OS_CFG_PROP_ALLOWED_VALUES" cascade="all-delete-orphan">
      <key column="PROPERTY_ID"/>
      <element column="VALUE" type="string"/>
    </set>
  </class>
</hibernate-mapping>
