<?xml version='1.0' encoding='utf-8'?>
<!DOCTYPE hibernate-mapping PUBLIC
    "-//Hibernate/Hibernate Mapping DTD 3.0//EN"
    "http://hibernate.sourceforge.net/hibernate-mapping-3.0.dtd">

<hibernate-mapping auto-import="false">
  <class name="com.krishagni.catissueplus.core.administrative.domain.DistributionOrderItem" table="OS_ORDER_ITEMS">
	
    <id name="id" column="IDENTIFIER">
      <generator class="native">
        <param name="sequence">OS_ORDER_ITEMS_SEQ</param>
      </generator>
    </id>
    
    <many-to-one 
      name="order" 
      cascade="none" 
      class="com.krishagni.catissueplus.core.administrative.domain.DistributionOrder"
      column="ORDER_ID"/>

    <property name="quantity" column="QUANTITY"/>
      
    <many-to-one 
      name="specimen" 
      cascade="none" 
      class="com.krishagni.catissueplus.core.biospecimen.domain.Specimen"
      column="SPECIMEN_ID"/>
    
    <property name="status" column="STATUS" not-null="true">
      <type name="org.hibernate.type.EnumType">
        <param name="enumClass"> 
          com.krishagni.catissueplus.core.administrative.domain.DistributionOrderItem$Status
        </param>
        <param name="type">12</param>
      </type>
    </property> 
  </class>
</hibernate-mapping>
