<?xml version='1.0' encoding='utf-8'?>
<!DOCTYPE hibernate-mapping PUBLIC
    "-//Hibernate/Hibernate Mapping DTD 3.0//EN"
    "http://hibernate.sourceforge.net/hibernate-mapping-3.0.dtd">

<hibernate-mapping auto-import="false">
  <class name="com.krishagni.catissueplus.core.common.domain.LabelPrintJob" table="OS_LABEL_PRINT_JOBS">

    <id name="id" column="IDENTIFIER">
      <generator class="native">
        <param name="sequence">OS_LABEL_PRINT_JOBS_SEQ</param>
      </generator>
    </id>

    <property name="itemType" column="ITEM_TYPE"/>

    <many-to-one
      name="submittedBy"
      class="com.krishagni.catissueplus.core.administrative.domain.User"
      column="SUBMITTED_BY"/>
 
    <property name="submissionDate" column="SUBMISSION_DATE" not-null="true"/>

    <property name="numCopies" column="NUM_COPIES"/>

    <set name="items" table="OS_LABEL_PRINT_JOB_ITEMS" inverse="true" cascade="all-delete-orphan" order-by="id asc">
      <key column="JOB_ID"/>
      <one-to-many class="com.krishagni.catissueplus.core.common.domain.LabelPrintJobItem"/>
    </set>
  </class>
</hibernate-mapping>
