<?xml version='1.0' encoding='utf-8'?>
<!DOCTYPE hibernate-mapping PUBLIC
    "-//Hibernate/Hibernate Mapping DTD 3.0//EN"
    "http://hibernate.sourceforge.net/hibernate-mapping-3.0.dtd">

<hibernate-mapping auto-import="false">
  <class name="com.krishagni.catissueplus.core.biospecimen.domain.Participant"
    table="CATISSUE_PARTICIPANT">

    <id name="id" column="IDENTIFIER" type="long">
      <generator class="native">
        <param name="sequence">CATISSUE_PARTICIPANT_SEQ</param>
      </generator>
    </id>

    <property name="lastName" column="LAST_NAME" />

    <property name="firstName" column="FIRST_NAME" />

    <property name="middleName" column="MIDDLE_NAME" />

    <property name="birthDate" column="BIRTH_DATE" />

    <property name="gender" column="GENDER" />

    <property name="sexGenotype" column="GENOTYPE" />

    <property name="ethnicity" column="ETHNICITY" />

    <property name="uid" column="SOCIAL_SECURITY_NUMBER" unique="true" />

    <property name="activityStatus" column="ACTIVITY_STATUS" />

    <property name="deathDate" column="DEATH_DATE" />

    <property name="vitalStatus" column="VITAL_STATUS" />

    <property name="empi" column="EMPI_ID"/>

    <set name="pmis" table="CATISSUE_PART_MEDICAL_ID" inverse="true" cascade="all-delete-orphan">
      <key column="PARTICIPANT_ID" />
      <one-to-many class="com.krishagni.catissueplus.core.biospecimen.domain.ParticipantMedicalIdentifier"/>
    </set>

    <set name="cprs" table="catissue_coll_prot_reg" inverse="true" cascade="all-delete-orphan">
      <key column="PARTICIPANT_ID" />
      <one-to-many class="com.krishagni.catissueplus.core.biospecimen.domain.CollectionProtocolRegistration"/>
      <filter name="activeEntity"/>
    </set>

    <set name="races" table="CATISSUE_RACE" cascade="all-delete-orphan">
      <key column="PARTICIPANT_ID" />
      <element column="RACE_NAME" type="string" />
    </set>
    
    <filter name="activeEntity"/>

    <query name="getByUid">
      from 
        com.krishagni.catissueplus.core.biospecimen.domain.Participant p
      where 
        p.uid = :uid
    </query>
 
    <query name="getByEmpi">
      from 
        com.krishagni.catissueplus.core.biospecimen.domain.Participant p
      where 
        p.empi = :empi
    </query>

    <query name="getByLnameAndDob">
      from 
        com.krishagni.catissueplus.core.biospecimen.domain.Participant p
      where 
        p.lastName = :lname and birthDate = :dob
    </query>

    <query name="getParticipantIdByUid">
      select 
        p.id 
      from
        com.krishagni.catissueplus.core.biospecimen.domain.Participant p
      where 
        p.uid = :uid
    </query>

    <query name="getPmiIdBySiteMrn">
      select 
        pmi.id 
      from
        com.krishagni.catissueplus.core.biospecimen.domain.ParticipantMedicalIdentifier pmi
      where 
        pmi.site.name = :siteName and 
        pmi.medicalRecordNumber = :mrn
    </query>
  </class>
</hibernate-mapping>
