<?xml version='1.0' encoding='utf-8'?>
<!DOCTYPE hibernate-mapping PUBLIC
    "-//Hibernate/Hibernate Mapping DTD 3.0//EN"
    "http://hibernate.sourceforge.net/hibernate-mapping-3.0.dtd">

<hibernate-mapping>
  <class 
    name="com.krishagni.catissueplus.core.biospecimen.domain.SpecimenList" 
    table="CATISSUE_SPECIMENLIST_TAGS">

    <id name="id" column="IDENTIFIER">
      <generator class="native">
        <param name="sequence">CATISSUE_SPECIMEN_LIST_SEQ</param>
      </generator>
    </id>

    <property name="name" column="TAG_LABEL"/>

    <property name="description" column="DESCRIPTION"/>

    <many-to-one 
      name="owner"
      class="com.krishagni.catissueplus.core.administrative.domain.User"
      cascade="none"
      column="USER_ID"
     />
     
    <set 
      name="sharedWith" 
      table="SHARED_SPECIMENLIST_TAGS">
      <key column="TAG_ID"/>
      <many-to-many class="com.krishagni.catissueplus.core.administrative.domain.User" column="USER_ID"/>
    </set>
	
    <set 
      name="specimens" 
      table="CATISSUE_SPEC_TAG_ITEMS">
      <key column="TAG_ID"/>
      <many-to-many class="com.krishagni.catissueplus.core.biospecimen.domain.Specimen" column="OBJ_ID">
        <filter name="activeEntity"/>
      </many-to-many>
    </set>
    
    <property name="deletedOn" column="DELETED_ON"/>
    
    <query name="getSpecimenLists">
      from SpecimenList l where l.deletedOn is null order by l.name
    </query>
	
    <query name="getSpecimenListsByUser">
      select 
        distinct l 
      from 
        SpecimenList l inner join l.owner owner left join l.sharedWith sharedWith 
      where 
        (owner.id = :userId or sharedWith.id = :userId)
        and l.deletedOn is null
      order by
        l.name
    </query>
    
    <query name="getSpecimenListByName">
      from SpecimenList l where l.name = :name
    </query>
    
    <query name="getListSpecimensCount">
      select 
        count(s.id)
      from
        SpecimenList l inner join l.specimens s
      where 
        l.id = :listId 
    </query>
  </class> 
</hibernate-mapping>
