<?xml version='1.0' encoding='utf-8'?>
<!DOCTYPE hibernate-mapping PUBLIC
    "-//Hibernate/Hibernate Mapping DTD 3.0//EN"
    "http://hibernate.sourceforge.net/hibernate-mapping-3.0.dtd">

<hibernate-mapping auto-import="false">
  <class
    name="com.krishagni.catissueplus.core.biospecimen.domain.SpecimenUnit"
    table="OS_SPECIMEN_UNITS" lazy="true">


    <id name="id" column="IDENTIFIER">
      <generator class="native">
        <param name="sequence">OS_SPECIMEN_QTY_UNITS_SEQ</param>
      </generator>
    </id>

    <property name="specimenClass" column="SPECIMEN_CLASS"/>

    <property name="type" column="SPECIMEN_TYPE"/>

    <property name="qtyUnit" column="QTY_UNIT"/>

    <property name="qtyHtmlDisplayCode" column="QTY_HTML_DISPLAY_CODE"/>

    <property name="concUnit" column="CONC_UNIT"/>

    <property name="concHtmlDisplayCode" column="CONC_HTML_DISPLAY_CODE"/>

    <property name="activityStatus" column="ACTIVITY_STATUS"/>

    <filter name="activeEntity"/>

    <query name="getAll">
      from com.krishagni.catissueplus.core.biospecimen.domain.SpecimenUnit
    </query>

    <query name="getByClass">
      from
        com.krishagni.catissueplus.core.biospecimen.domain.SpecimenUnit u
      where
        u.specimenClass = :specimenClass and
        u.type is null
    </query>

    <query name="getByType">
      from
        com.krishagni.catissueplus.core.biospecimen.domain.SpecimenUnit u
      where
        u.specimenClass = :specimenClass and
        u.type = :type
    </query>
  </class>
</hibernate-mapping>
