<?xml version="1.0" encoding="UTF-8"?>
<beans xmlns="http://www.springframework.org/schema/beans"
  xmlns:xsi="http://www.w3.org/2001/XMLSchema-instance"
  xsi:schemaLocation="http://www.springframework.org/schema/beans
  http://www.springframework.org/schema/beans/spring-beans-3.2.xsd">

  <bean id="epic-liquibase" class="liquibase.integration.spring.SpringLiquibase">
    <property name="dataSource" ref="dataSource"/>
    <property name="changeLog" value="classpath:com/krishagni/openspecimen/epic/db-changelog.xml" />
  </bean>
  
  <bean id="epicSvc" class="com.krishagni.openspecimen.epic.service.impl.EpicServiceImpl">
    <property name="epicDao"  ref="epicDao"/>
    <property name="daoFactory"  ref="biospecimenDaoFactory"/>
    <property name="emailSvc" ref="emailService"/>
    <property name="participantSvc"  ref="participantSvc"/>
    <property name="cprSvc" ref="cprSvc"/>
  </bean>
  
  <bean id="epicDao" class="com.krishagni.openspecimen.epic.dao.impl.EpicDaoImpl">
    <property name="daoFactory"  ref="biospecimenDaoFactory"/>
  </bean>

</beans>
