#macro(getMessage $code)$messageSource.getMessage($code, null, $locale)#end

<object-schema>
  <name>participant</name>

  <record> 
    <name>com.krishagni.catissueplus.core.biospecimen.events.ParticipantDetail</name>
   
    <field>
      <caption>#getMessage("participant_cp_short_title")</caption>
      <attribute>cpShortTitle</attribute>
    </field>

    <field>
      <caption>#getMessage("participant_ppid")</caption>
      <attribute>ppid</attribute>
    </field>

    <field>
      <type>date</type>
      <caption>#getMessage("participant_death_date")</caption>
      <attribute>deathDate</attribute>
    </field>  

    <field>
      <caption>#getMessage("participant_vital_status")</caption>
      <attribute>vitalStatus</attribute>
    </field>  

    <field>
      <caption>#getMessage("participant_activity_status")</caption>
      <attribute>activityStatus</attribute>
    </field>  

    <record>
      <caption>#getMessage("participant_pmi")</caption>
      <attribute>pmis</attribute>
      <multiple>true</multiple>

      <field>
        <caption>#getMessage("participant_pmi_site")</caption>
        <attribute>siteName</attribute>
      </field>
    </record>

    <record type="extensions" entityType="ParticipantExtension">
      <attribute>extensionDetail</attribute>
    </record>
  </record>
</object-schema>
