IDENTIFIER,CONCEPT_CODE,DEFINITION,PARENT_IDENTIFIER,VALUE,PUBLIC_ID,SORTORDER
getNextPvId(),,,"getPvParentId('2003991', 'Molecular')",ctDNA,null,0
getNextPvId(),,,"getPvParentId('2003991', 'Molecular')",DNA,null,0
getNextPvId(),,,"getPvParentId('2003991', 'Molecular')",Not Specified,null,0
getNextPvId(),,,"getPvParentId('2003991', 'Molecular')",RNA,null,0
getNextPvId(),,,"getPvParentId('2003991', 'Tissue')",Departmental FFPE Block,null,0
getNextPvId(),,,"getPvParentId('2003991', 'Tissue')",EBUS,null,0
getNextPvId(),,,"getPvParentId('2003991', 'Tissue')",Ethanol Fixed Paraffin H&E Slide,null,0
getNextPvId(),,,"getPvParentId('2003991', 'Tissue')",Ethanol Fixed Paraffin Slide,null,0
getNextPvId(),,,"getPvParentId('2003991', 'Tissue')",ETOH-Fixed Paraffin Block,null,0
getNextPvId(),,,"getPvParentId('2003991', 'Tissue')",FFPE Block,null,0
getNextPvId(),,,"getPvParentId('2003991', 'Tissue')",FFPE H&E Slide,null,0
getNextPvId(),,,"getPvParentId('2003991', 'Tissue')",FFPE Slide,null,0
getNextPvId(),,,"getPvParentId('2003991', 'Tissue')",Fresh Tissue,null,0
getNextPvId(),,,"getPvParentId('2003991', 'Tissue')",Microdissected,null,0
getNextPvId(),,,"getPvParentId('2003991', 'Tissue')",Not Specified,null,0
getNextPvId(),,,"getPvParentId('2003991', 'Tissue')",OCT Block,null,0
getNextPvId(),,,"getPvParentId('2003991', 'Tissue')",OCT Slide,null,0
getNextPvId(),,,"getPvParentId('2003991', 'Tissue')",Snap Frozen,null,0
getNextPvId(),,,"getPvParentId('2003991', 'Tissue')",Tissue Micro Array,null,0
getNextPvId(),,,"getPvParentId('2003991', 'Tissue')",FFPE Core,null,0
getNextPvId(),,,"getPvParentId('2003991', 'Fluid')",Ascites,null,0
getNextPvId(),,,"getPvParentId('2003991', 'Fluid')",Bone Marrow Plasma,null,0
getNextPvId(),,,"getPvParentId('2003991', 'Fluid')",Not Specified,null,0
getNextPvId(),,,"getPvParentId('2003991', 'Fluid')",Plasma,null,0
getNextPvId(),,,"getPvParentId('2003991', 'Fluid')",Serum,null,0
getNextPvId(),,,"getPvParentId('2003991', 'Fluid')",Urine,null,0
getNextPvId(),,,"getPvParentId('2003991', 'Fluid')",Whole Blood,null,0
getNextPvId(),,,"getPvParentId('2003991', 'Cell')",Blood Pellet,null,0
getNextPvId(),,,"getPvParentId('2003991', 'Cell')",Buffy Coat,null,0
getNextPvId(),,,"getPvParentId('2003991', 'Cell')",Buffy Coat with DMSO,null,0
getNextPvId(),,,"getPvParentId('2003991', 'Cell')",Buffy Coat without DMSO,null,0
getNextPvId(),,,"getPvParentId('2003991', 'Cell')",FNA,null,0
getNextPvId(),,,"getPvParentId('2003991', 'Cell')",FNA rinse in PBS,null,0
getNextPvId(),,,"getPvParentId('2003991', 'Cell')",MNC Bone Marrow,null,0
getNextPvId(),,,"getPvParentId('2003991', 'Cell')",MNC Bone Marrow with Trizol,null,0
getNextPvId(),,,"getPvParentId('2003991', 'Cell')",Not Specified,null,0
getNextPvId(),,,"getPvParentId('2003991', 'Cell')",PBMNC,null,0
getNextPvId(),,,"getPvParentId('2003991', 'Cell')",Whole Bone Marrow,null,0
getNextPvId(),,,null,No Additive Vacutainer,2003997,0
getNextPvId(),,,null,Serum Separator Vacutainer,2003997,0
getNextPvId(),,,null,EDTA Vacutainer,2003997,0
getNextPvId(),,,null,Citrate Vacutainer,2003997,0
getNextPvId(),,,null,ACD Vacutainer,2003997,0
getNextPvId(),,,null,Heparin Vacutainer,2003997,0
getNextPvId(),,,null,Sterile Specimen Container,2003997,0
getNextPvId(),,,null,CPT Tiger Top Vacutainer,2003997,0
getNextPvId(),,,null,P-Citrate Vacutainer,2003997,0
getNextPvId(),,,null,P-Heparin Vacutainer,2003997,0
getNextPvId(),,,null,Paxgene DNA Vacutainer,2003997,0
getNextPvId(),,,null,70mL Specimen Container,2003997,0
getNextPvId(),,,null,Not Specified,2003997,0
getNextPvId(),,,null,Adrenal gland,Tissue_Site_PID,0
getNextPvId(),,,null,Anus,Tissue_Site_PID,0
getNextPvId(),,,null,Appendix,Tissue_Site_PID,0
getNextPvId(),,,null,Biliary tract,Tissue_Site_PID,0
getNextPvId(),,,null,Bladder,Tissue_Site_PID,0
getNextPvId(),,,null,Blood,Tissue_Site_PID,0
getNextPvId(),,,null,Bone,Tissue_Site_PID,0
getNextPvId(),,,null,Bone Marrow,Tissue_Site_PID,0
getNextPvId(),,,null,Brain,Tissue_Site_PID,0
getNextPvId(),,,null,Breast,Tissue_Site_PID,0
getNextPvId(),,,null,Cervix,Tissue_Site_PID,0
getNextPvId(),,,null,Colon,Tissue_Site_PID,0
getNextPvId(),,,null,"Connective, subcutaneous and other soft tissues",Tissue_Site_PID,0
getNextPvId(),,,null,Duodenum,Tissue_Site_PID,0
getNextPvId(),,,null,Endometrium,Tissue_Site_PID,0
getNextPvId(),,,null,Fallopian tube,Tissue_Site_PID,0
getNextPvId(),,,null,Gallbladder,Tissue_Site_PID,0
getNextPvId(),,,null,Gum,Tissue_Site_PID,0
getNextPvId(),,,null,"Head, face or neck",Tissue_Site_PID,0
getNextPvId(),,,null,Kidney,Tissue_Site_PID,0
getNextPvId(),,,null,Larynx,Tissue_Site_PID,0
getNextPvId(),,,null,Lip,Tissue_Site_PID,0
getNextPvId(),,,null,Liver,Tissue_Site_PID,0
getNextPvId(),,,null,Lung,Tissue_Site_PID,0
getNextPvId(),,,null,Lymph node,Tissue_Site_PID,0
getNextPvId(),,,null,Major salivary gland,Tissue_Site_PID,0
getNextPvId(),,,null,Mediastinum,Tissue_Site_PID,0
getNextPvId(),,,null,Meninges,Tissue_Site_PID,0
getNextPvId(),,,null,Middle ear,Tissue_Site_PID,0
getNextPvId(),,,null,Mouth,Tissue_Site_PID,0
getNextPvId(),,,null,Not specified,Tissue_Site_PID,0
getNextPvId(),,,null,Oesophagus,Tissue_Site_PID,0
getNextPvId(),,,null,Omentum,Tissue_Site_PID,0
getNextPvId(),,,null,Other,Tissue_Site_PID,0
getNextPvId(),,,null,Ovary,Tissue_Site_PID,0
getNextPvId(),,,null,Pancreas,Tissue_Site_PID,0
getNextPvId(),,,null,Parotid gland,Tissue_Site_PID,0
getNextPvId(),,,null,Penis,Tissue_Site_PID,0
getNextPvId(),,,null,Periform sinus,Tissue_Site_PID,0
getNextPvId(),,,null,Peritoneum,Tissue_Site_PID,0
getNextPvId(),,,null,Pituitary gland,Tissue_Site_PID,0
getNextPvId(),,,null,Pleura,Tissue_Site_PID,0
getNextPvId(),,,null,Prostate gland,Tissue_Site_PID,0
getNextPvId(),,,null,Rectum,Tissue_Site_PID,0
getNextPvId(),,,null,Skin,Tissue_Site_PID,0
getNextPvId(),,,null,Small intestine,Tissue_Site_PID,0
getNextPvId(),,,null,Spinal cord,Tissue_Site_PID,0
getNextPvId(),,,null,Spleen,Tissue_Site_PID,0
getNextPvId(),,,null,Stomach,Tissue_Site_PID,0
getNextPvId(),,,null,Testis,Tissue_Site_PID,0
getNextPvId(),,,null,Thymus,Tissue_Site_PID,0
getNextPvId(),,,null,Thyroid gland,Tissue_Site_PID,0
getNextPvId(),,,null,Tongue,Tissue_Site_PID,0
getNextPvId(),,,null,Tonsil,Tissue_Site_PID,0
getNextPvId(),,,null,Trachea,Tissue_Site_PID,0
getNextPvId(),,,null,Ureter,Tissue_Site_PID,0
getNextPvId(),,,null,Uterus,Tissue_Site_PID,0
getNextPvId(),,,null,Vagina,Tissue_Site_PID,0
getNextPvId(),,,null,Vuvla,Tissue_Site_PID,0
getNextPvId(),9871/3,,null,9871/3 Acute myelomonocytic leukemia with abnnormal marrow eosinophils,Clinical_Diagnosis_PID,0
getNextPvId(),8280/0,,null,8280/0 Acidophil adenoma,Clinical_Diagnosis_PID,0
getNextPvId(),8280/3,,null,8280/3 Acidophil carcinoma,Clinical_Diagnosis_PID,0
getNextPvId(),8550/3,,null,8550/3 Acinar cell carcinoma,Clinical_Diagnosis_PID,0
getNextPvId(),8551/3,,null,8551/3 Acinar cell cystadenocarcinoma,Clinical_Diagnosis_PID,0
getNextPvId(),8744/3,,null,"8744/3 Acral lentiginous melanoma, malignant",Clinical_Diagnosis_PID,0
getNextPvId(),9870/3,,null,9870/3 Acute basophilic leukemia,Clinical_Diagnosis_PID,0
getNextPvId(),9805/3,,null,9805/3 Acute biphenotypic leukemia,Clinical_Diagnosis_PID,0
getNextPvId(),9801/3,,null,"9801/3 Acute leukemia, NOS",Clinical_Diagnosis_PID,0
getNextPvId(),9828/3,,null,"9828/3 Acute lymphoblastic leukemia, L2 type, NOS",Clinical_Diagnosis_PID,0
getNextPvId(),9910/3,,null,9910/3 Acute megakaryoblastic leukemia,Clinical_Diagnosis_PID,0
getNextPvId(),9891/3,,null,9891/3 Acute monocytic leukemia,Clinical_Diagnosis_PID,0
getNextPvId(),9895/3,,null,9895/3 Acute myeloid leukemia with multilineage dysplasia,Clinical_Diagnosis_PID,0
getNextPvId(),9861/3,,null,9861/3 Acute myeloid leukemia,Clinical_Diagnosis_PID,0
getNextPvId(),9911/3,,null,"9911/3 Acute myeloid leukemia (megakaryoblastic) with t(1,22)(p13,q13)",Clinical_Diagnosis_PID,0
getNextPvId(),9869/3,,null,"9869/3 Acute myeloid leukemia with inv(3)(q21q26.2) or t(3,3)(q21,q26.2)",Clinical_Diagnosis_PID,0
getNextPvId(),9874/3,,null,9874/3 Acute myeloid leukemia with maturation,Clinical_Diagnosis_PID,0
getNextPvId(),9865/3,,null,"9865/3 Acute myeloid leukemia with t(6,9)(p23,q34) DEK-NUP214",Clinical_Diagnosis_PID,0
getNextPvId(),9873/3,,null,9873/3 Acute myeloid leukemia without maturation,Clinical_Diagnosis_PID,0
getNextPvId(),9897/3,,null,"9897/3 Acute myeloid leukemia, 11q23 abnormalities",Clinical_Diagnosis_PID,0
getNextPvId(),9840/3,,null,"9840/3 Acute myeloid leukemia, M6 type",Clinical_Diagnosis_PID,0
getNextPvId(),9872/3,,null,"9872/3 Acute myeloid leukemia, minimal differentiation",Clinical_Diagnosis_PID,0
getNextPvId(),9896/3,,null,"9896/3 Acute myeloid leukemia, t(8;21)(q22;q22)",Clinical_Diagnosis_PID,0
getNextPvId(),9867/3,,null,9867/3 Acute myelomonocytic leukemia,Clinical_Diagnosis_PID,0
getNextPvId(),9931/3,,null,9931/3 Acute panmyelosis with myelofibrosis,Clinical_Diagnosis_PID,0
getNextPvId(),9866/3,,null,"9866/3 Acute promyelocytic leukemia,t(15;17)(q22;q11-12)",Clinical_Diagnosis_PID,0
getNextPvId(),9261/3,,null,9261/3 Adamantinoma of long bones,Clinical_Diagnosis_PID,0
getNextPvId(),9351/1,,null,9351/1 Adamantinomatous craniopharyngioma,Clinical_Diagnosis_PID,0
getNextPvId(),8221/2,,null,8221/2 Adenocarc. in situ in mult. adenomatous polyps,Clinical_Diagnosis_PID,0
getNextPvId(),8245/3,,null,8245/3 Adenocarcinoid tumor,Clinical_Diagnosis_PID,0
getNextPvId(),8220/3,,null,8220/3 Adenocarcinoma in adenoma. polyposis coli,Clinical_Diagnosis_PID,0
getNextPvId(),8210/3,,null,8210/3 Adenocarcinoma in adenomatous polyp,Clinical_Diagnosis_PID,0
getNextPvId(),8221/3,,null,8221/3 Adenocarcinoma in mult. adenomatous polyps,Clinical_Diagnosis_PID,0
getNextPvId(),8140/2,,null,8140/2 Adenocarcinoma in situ,Clinical_Diagnosis_PID,0
getNextPvId(),8210/2,,null,8210/2 Adenocarcinoma in situ in adenomatous polyp,Clinical_Diagnosis_PID,0
getNextPvId(),8220/2,,null,8220/2 Adenocarcinoma in situ in familial polyp. coli,Clinical_Diagnosis_PID,0
getNextPvId(),8263/2,,null,8263/2 Adenocarcinoma in situ in tubulovillous adenoma,Clinical_Diagnosis_PID,0
getNextPvId(),8261/2,,null,8261/2 Adenocarcinoma in situ in villous adenoma,Clinical_Diagnosis_PID,0
getNextPvId(),8263/3,,null,8263/3 Adenocarcinoma in tubulovillous adenoma,Clinical_Diagnosis_PID,0
getNextPvId(),8261/3,,null,8261/3 Adenocarcinoma in villous adenoma,Clinical_Diagnosis_PID,0
getNextPvId(),8215/3,,null,8215/3 Adenocarcinoma of anal glands,Clinical_Diagnosis_PID,0
getNextPvId(),8571/3,,null,8571/3 Adenocarcinoma w cartilag. & oss. metaplas.,Clinical_Diagnosis_PID,0
getNextPvId(),8573/3,,null,8573/3 Adenocarcinoma with apocrine metaplasia,Clinical_Diagnosis_PID,0
getNextPvId(),8255/3,,null,8255/3 Adenocarcinoma with mixed subtypes,Clinical_Diagnosis_PID,0
getNextPvId(),8574/3,,null,8574/3 Adenocarcinoma with neuroendocrine differen.,Clinical_Diagnosis_PID,0
getNextPvId(),8572/3,,null,8572/3 Adenocarcinoma with spindle cell mataplasia,Clinical_Diagnosis_PID,0
getNextPvId(),8570/3,,null,8570/3 Adenocarcinoma with squamous metaplasia,Clinical_Diagnosis_PID,0
getNextPvId(),8384/3,,null,"8384/3 Adenocarcinoma, endocervical type",Clinical_Diagnosis_PID,0
getNextPvId(),8144/3,,null,"8144/3 Adenocarcinoma, intestinal type",Clinical_Diagnosis_PID,0
getNextPvId(),8140/3,,null,"8140/3 Adenocarcinoma, NOS",Clinical_Diagnosis_PID,0
getNextPvId(),8098/3,,null,8098/3 Adenoid basal cell carcinoma,Clinical_Diagnosis_PID,0
getNextPvId(),8200/3,,null,8200/3 Adenoid cystic carcinoma,Clinical_Diagnosis_PID,0
getNextPvId(),8140/0,,null,"8140/0 Adenoma, NOS",Clinical_Diagnosis_PID,0
getNextPvId(),8933/3,,null,8933/3 Adenosarcoma,Clinical_Diagnosis_PID,0
getNextPvId(),8560/3,,null,8560/3 Adenosquamous carcinoma,Clinical_Diagnosis_PID,0
getNextPvId(),8370/3,,null,8370/3 Adrenal cortical carcinoma,Clinical_Diagnosis_PID,0
getNextPvId(),9827/3,,null,9827/3 Adult T-cell leukemia/lymphoma (HTLV-1 pos.),Clinical_Diagnosis_PID,0
getNextPvId(),9948/3,,null,9948/3 Aggressive NK-cell leukemia,Clinical_Diagnosis_PID,0
getNextPvId(),9737/3,,null,9737/3 ALK positive large B-cell lymphoma,Clinical_Diagnosis_PID,0
getNextPvId(),8251/3,,null,8251/3 Alveolar adenocarcinoma,Clinical_Diagnosis_PID,0
getNextPvId(),8920/3,,null,8920/3 Alveolar rhabdomyosarcoma,Clinical_Diagnosis_PID,0
getNextPvId(),9581/3,,null,9581/3 Alveolar soft part sarcoma,Clinical_Diagnosis_PID,0
getNextPvId(),8730/3,,null,8730/3 Amelanotic melanoma,Clinical_Diagnosis_PID,0
getNextPvId(),9330/3,,null,9330/3 Ameloblastic fibrosarcoma,Clinical_Diagnosis_PID,0
getNextPvId(),9290/3,,null,9290/3 Ameloblastic odontosarcoma,Clinical_Diagnosis_PID,0
getNextPvId(),9310/3,,null,"9310/3 Ameloblastoma, malignant",Clinical_Diagnosis_PID,0
getNextPvId(),9714/3,,null,"9714/3 Anaplastic large cell lymphoma, T-cell and Null cell type",Clinical_Diagnosis_PID,0
getNextPvId(),8630/3,,null,"8630/3 Androblastoma, malignant",Clinical_Diagnosis_PID,0
getNextPvId(),9705/3,,null,9705/3 Angioimmunoblastic T-cell lymphoma,Clinical_Diagnosis_PID,0
getNextPvId(),8861/0,,null,"8861/0 Angiolipoma, NOS",Clinical_Diagnosis_PID,0
getNextPvId(),9534/0,,null,9534/0 Angiomatous meningioma,Clinical_Diagnosis_PID,0
getNextPvId(),8894/3,,null,8894/3 Angiomyosarcoma,Clinical_Diagnosis_PID,0
getNextPvId(),8691/3,,null,"8691/3 Aortic body tumor, malignant",Clinical_Diagnosis_PID,0
getNextPvId(),8401/3,,null,8401/3 Apocrine adenocarcinoma,Clinical_Diagnosis_PID,0
getNextPvId(),9365/3,,null,9365/3 Askin tumor,Clinical_Diagnosis_PID,0
getNextPvId(),9430/3,,null,9430/3 Astroblastoma,Clinical_Diagnosis_PID,0
getNextPvId(),9401/3,,null,"9401/3 Astrocytoma, anaplastic",Clinical_Diagnosis_PID,0
getNextPvId(),9400/3,,null,"9400/3 Astrocytoma, NOS",Clinical_Diagnosis_PID,0
getNextPvId(),8249/3,,null,8249/3 Atypical carcinoid tumor,Clinical_Diagnosis_PID,0
getNextPvId(),9390/1,,null,9390/1 Atypical choroid plexus papilloma,Clinical_Diagnosis_PID,0
getNextPvId(),9876/3,,null,"9876/3 Atypical chronic myeloid leukemia, BCR/ABL negative",Clinical_Diagnosis_PID,0
getNextPvId(),8850/1,,null,8850/1 Atypical lipoma,Clinical_Diagnosis_PID,0
getNextPvId(),8513/3,,null,8513/3 Atypical medullary carcinoma,Clinical_Diagnosis_PID,0
getNextPvId(),9539/1,,null,9539/1 Atypical meningioma,Clinical_Diagnosis_PID,0
getNextPvId(),9508/3,,null,9508/3 Atypical teratoid/rhabdoid tumor,Clinical_Diagnosis_PID,0
getNextPvId(),9817/3,,null,"9817/3 B lymphblastic leukemia/lymphoma with t(5,14)(q31,q32)",Clinical_Diagnosis_PID,0
getNextPvId(),9815/3,,null,9815/3 B lymphoblastic leukemia/lymphoma with hyperdiploidy,Clinical_Diagnosis_PID,0
getNextPvId(),9811/3,,null,"9811/3 B lymphoblastic leukemia/lymphoma, NOS",Clinical_Diagnosis_PID,0
getNextPvId(),8722/3,,null,8722/3 Balloon cell melanoma,Clinical_Diagnosis_PID,0
getNextPvId(),8147/3,,null,8147/3 Basal cell adenocarcinoma,Clinical_Diagnosis_PID,0
getNextPvId(),8093/3,,null,"8093/3 Basal cell carcinoma, fibroepithelial",Clinical_Diagnosis_PID,0
getNextPvId(),8097/3,,null,"8097/3 Basal cell carcinoma, nodular",Clinical_Diagnosis_PID,0
getNextPvId(),8090/3,,null,"8090/3 Basal cell carcinoma, NOS",Clinical_Diagnosis_PID,0
getNextPvId(),8123/3,,null,8123/3 Basaloid carcinoma,Clinical_Diagnosis_PID,0
getNextPvId(),8083/3,,null,8083/3 Basaloid squamous cell carcinoma,Clinical_Diagnosis_PID,0
getNextPvId(),8300/0,,null,8300/0 Basophil adenoma,Clinical_Diagnosis_PID,0
getNextPvId(),8300/3,,null,8300/3 Basophil carcinoma,Clinical_Diagnosis_PID,0
getNextPvId(),8094/3,,null,8094/3 Basosquamous carcinoma,Clinical_Diagnosis_PID,0
getNextPvId(),8161/3,,null,8161/3 Bile duct cystadenocarcinoma,Clinical_Diagnosis_PID,0
getNextPvId(),8780/3,,null,"8780/3 Blue nevus, malignant",Clinical_Diagnosis_PID,0
getNextPvId(),8081/2,,null,8081/2 Bowen disease,Clinical_Diagnosis_PID,0
getNextPvId(),9000/3,,null,"9000/3 Brenner tumor, malignant",Clinical_Diagnosis_PID,0
getNextPvId(),8254/3,,null,"8254/3 Bronchioalveolar carcinoma, mixed mucinous and non-mucinous",Clinical_Diagnosis_PID,0
getNextPvId(),8250/3,,null,8250/3 Bronchiolo-alveolar adenocarcinoma,Clinical_Diagnosis_PID,0
getNextPvId(),8253/3,,null,"8253/3 Bronchiolo-alveolar carcinoma, mucinous",Clinical_Diagnosis_PID,0
getNextPvId(),8252/3,,null,"8252/3 Bronchiolo-alveolar carcinoma, non-mucinous",Clinical_Diagnosis_PID,0
getNextPvId(),9826/3,,null,9826/3 Burkitt cell leukemia,Clinical_Diagnosis_PID,0
getNextPvId(),9687/3,,null,"9687/3 Burkitt lymphoma, NOS",Clinical_Diagnosis_PID,0
getNextPvId(),9131/0,,null,9131/0 Capillary hemangioma,Clinical_Diagnosis_PID,0
getNextPvId(),8934/3,,null,8934/3 Carcinofibroma,Clinical_Diagnosis_PID,0
getNextPvId(),8240/3,,null,"8240/3 Carcinoid tumor, malignant",Clinical_Diagnosis_PID,0
getNextPvId(),8941/3,,null,8941/3 Carcinoma in pleomorphic adenoma,Clinical_Diagnosis_PID,0
getNextPvId(),8010/2,,null,"8010/2 Carcinoma in situ, NOS",Clinical_Diagnosis_PID,0
getNextPvId(),8589/3,,null,8589/3 Carcinoma showing thymus-like element,Clinical_Diagnosis_PID,0
getNextPvId(),8231/3,,null,8231/3 Carcinoma simplex,Clinical_Diagnosis_PID,0
getNextPvId(),8035/3,,null,8035/3 Carcinoma with osteoclast-like giant cells,Clinical_Diagnosis_PID,0
getNextPvId(),8021/3,,null,"8021/3 Carcinoma, anaplastic type, NOS",Clinical_Diagnosis_PID,0
getNextPvId(),8145/3,,null,"8145/3 Carcinoma, diffuse type",Clinical_Diagnosis_PID,0
getNextPvId(),8010/3,,null,"8010/3 Carcinoma, NOS",Clinical_Diagnosis_PID,0
getNextPvId(),8020/3,,null,"8020/3 Carcinoma, undifferentiated type, NOS",Clinical_Diagnosis_PID,0
getNextPvId(),8981/3,,null,"8981/3 Carcinosarcoma, embryonal type",Clinical_Diagnosis_PID,0
getNextPvId(),8980/3,,null,"8980/3 Carcinosarcoma, NOS",Clinical_Diagnosis_PID,0
getNextPvId(),8692/3,,null,"8692/3 Carotid body tumor, malignant",Clinical_Diagnosis_PID,0
getNextPvId(),9121/0,,null,9121/0 Cavernous hemangioma,Clinical_Diagnosis_PID,0
getNextPvId(),9186/3,,null,9186/3 Central osteosarcoma,Clinical_Diagnosis_PID,0
getNextPvId(),9506/1,,null,9506/1 Centrol neurocytoma,Clinical_Diagnosis_PID,0
getNextPvId(),9480/3,,null,"9480/3 Cerebellar sarcoma, NOS",Clinical_Diagnosis_PID,0
getNextPvId(),8420/3,,null,8420/3 Ceruminous adenocarcinoma,Clinical_Diagnosis_PID,0
getNextPvId(),8160/3,,null,8160/3 Cholangiocarcinoma,Clinical_Diagnosis_PID,0
getNextPvId(),9181/3,,null,9181/3 Chondroblastic osteosarcoma,Clinical_Diagnosis_PID,0
getNextPvId(),9230/3,,null,"9230/3 Chondroblastoma, malignant",Clinical_Diagnosis_PID,0
getNextPvId(),9371/3,,null,9371/3 Chondroid chordoma,Clinical_Diagnosis_PID,0
getNextPvId(),9220/3,,null,"9220/3 Chondrosarcoma, NOS",Clinical_Diagnosis_PID,0
getNextPvId(),9444/1,,null,9444/1 Chordoid glioma,Clinical_Diagnosis_PID,0
getNextPvId(),9370/3,,null,"9370/3 Chordoma, NOS",Clinical_Diagnosis_PID,0
getNextPvId(),9100/3,,null,9100/3 Choriocarcinoma,Clinical_Diagnosis_PID,0
getNextPvId(),9101/3,,null,9101/3 Choriocarcinoma combined w/ other germ cell elements,Clinical_Diagnosis_PID,0
getNextPvId(),9390/3,,null,"9390/3 Choroid plexus papilloma, malignant",Clinical_Diagnosis_PID,0
getNextPvId(),9390/0,,null,"9390/0 Choroid plexus papilloma, NOS",Clinical_Diagnosis_PID,0
getNextPvId(),8270/0,,null,8270/0 Chromophobe adenoma,Clinical_Diagnosis_PID,0
getNextPvId(),8270/3,,null,8270/3 Chromophobe carcinoma,Clinical_Diagnosis_PID,0
getNextPvId(),9823/3,,null,9823/3 Chronic lymphocytic leukemia/small lymphocytic lymphoma,Clinical_Diagnosis_PID,0
getNextPvId(),9875/3,,null,"9875/3 Chronic myelogenous leukemia, BCR/ABL positive",Clinical_Diagnosis_PID,0
getNextPvId(),9863/3,,null,"9863/3 Chronic myeloid leukemia, NOS",Clinical_Diagnosis_PID,0
getNextPvId(),9945/3,,null,"9945/3 Chronic myelomonocytic leukemia, NOS",Clinical_Diagnosis_PID,0
getNextPvId(),9960/3,,null,"9960/3 Chronic myeloproliferative disease, NOS",Clinical_Diagnosis_PID,0
getNextPvId(),9963/3,,null,9963/3 Chronic neutrophilic leukemia,Clinical_Diagnosis_PID,0
getNextPvId(),8313/3,,null,8313/3 Clear cell adenocarcinofibroma,Clinical_Diagnosis_PID,0
getNextPvId(),8310/3,,null,"8310/3 Clear cell adenocarcinoma, NOS",Clinical_Diagnosis_PID,0
getNextPvId(),8310/0,,null,8310/0 Clear cell adenoma,Clinical_Diagnosis_PID,0
getNextPvId(),9242/3,,null,9242/3 Clear cell chondrosarcoma,Clinical_Diagnosis_PID,0
getNextPvId(),9538/1,,null,9538/1 Clear cell meningioma,Clinical_Diagnosis_PID,0
getNextPvId(),8964/3,,null,8964/3 Clear cell sarcoma of kidney,Clinical_Diagnosis_PID,0
getNextPvId(),9044/3,,null,"9044/3 Clear cell sarcoma,NOS (except of kidney M-8964/3)",Clinical_Diagnosis_PID,0
getNextPvId(),8005/0,,null,"8005/0 Clear cell tumor, NOS",Clinical_Diagnosis_PID,0
getNextPvId(),8124/3,,null,8124/3 Cloacogenic carcinoma,Clinical_Diagnosis_PID,0
getNextPvId(),8319/3,,null,8319/3 Collecting duct carcinoma,Clinical_Diagnosis_PID,0
getNextPvId(),8180/3,,null,8180/3 Combined hepatocellular carcinoma & cholangiocarcinoma,Clinical_Diagnosis_PID,0
getNextPvId(),8045/3,,null,8045/3 Combined small cell carcinoma,Clinical_Diagnosis_PID,0
getNextPvId(),8501/2,,null,"8501/2 Comedocarcinoma, non-infiltrating",Clinical_Diagnosis_PID,0
getNextPvId(),8501/3,,null,"8501/3 Comedocarcinoma, NOS",Clinical_Diagnosis_PID,0
getNextPvId(),8244/3,,null,8244/3 Composite carcinoid,Clinical_Diagnosis_PID,0
getNextPvId(),9596/3,,null,9596/3 Composite Hodgkin and non-Hodgkin lymphoma,Clinical_Diagnosis_PID,0
getNextPvId(),9350/1,,null,9350/1 Craniopharyngioma,Clinical_Diagnosis_PID,0
getNextPvId(),8201/3,,null,8201/3 Cribriform carcinoma,Clinical_Diagnosis_PID,0
getNextPvId(),8201/2,,null,8201/2 Cribriform carcinoma in situ,Clinical_Diagnosis_PID,0
getNextPvId(),9709/3,,null,"9709/3 Cutaneous T-cell lymphoma, NOS",Clinical_Diagnosis_PID,0
getNextPvId(),8440/3,,null,"8440/3 Cystadenocarcinoma, NOS",Clinical_Diagnosis_PID,0
getNextPvId(),8316/3,,null,8316/3 Cyst-associated renal cell carcinoma,Clinical_Diagnosis_PID,0
getNextPvId(),8508/3,,null,8508/3 Cystic hypersecretory carcinoma,Clinical_Diagnosis_PID,0
getNextPvId(),9243/3,,null,9243/3 Dedifferentiated chondrosarcoma,Clinical_Diagnosis_PID,0
getNextPvId(),9372/3,,null,9372/3 Dedifferentiated chordoma,Clinical_Diagnosis_PID,0
getNextPvId(),8858/3,,null,8858/3 Dedifferentiated liposarcoma,Clinical_Diagnosis_PID,0
getNextPvId(),8832/3,,null,"8832/3 Dermatofibrosarcoma, NOS",Clinical_Diagnosis_PID,0
getNextPvId(),9084/0,,null,"9084/0 Dermoid cyst, NOS",Clinical_Diagnosis_PID,0
getNextPvId(),9412/1,,null,9412/1 Desmoplastic infantile astrocytoma,Clinical_Diagnosis_PID,0
getNextPvId(),9471/3,,null,9471/3 Desmoplastic medulloblastoma,Clinical_Diagnosis_PID,0
getNextPvId(),8745/3,,null,"8745/3 Desmoplastic melanoma, malignant",Clinical_Diagnosis_PID,0
getNextPvId(),8806/3,,null,8806/3 Desmoplastic small round cell tumor,Clinical_Diagnosis_PID,0
getNextPvId(),8728/0,,null,8728/0 Diffuse melanocytosis,Clinical_Diagnosis_PID,0
getNextPvId(),8230/2,,null,"8230/2 Duct carcinoma in situ, solid type",Clinical_Diagnosis_PID,0
getNextPvId(),8514/3,,null,"8514/3 Duct carcinoma, desmoplastic type",Clinical_Diagnosis_PID,0
getNextPvId(),9413/0,,null,9413/0 Dysembryoplastic neuroepithelial tumor,Clinical_Diagnosis_PID,0
getNextPvId(),9060/3,,null,9060/3 Dysgerminoma,Clinical_Diagnosis_PID,0
getNextPvId(),9493/0,,null,9493/0 Dysplastic gangliocytoma of cerebellum (Lhermitte-Duclos),Clinical_Diagnosis_PID,0
getNextPvId(),8413/3,,null,8413/3 Eccrine adenocarcinoma,Clinical_Diagnosis_PID,0
getNextPvId(),8408/3,,null,8408/3 Eccrine papillary adenocarcinoma,Clinical_Diagnosis_PID,0
getNextPvId(),8409/3,,null,"8409/3 Eccrine poroma, malignant",Clinical_Diagnosis_PID,0
getNextPvId(),9070/3,,null,"9070/3 Embryonal carcinoma, NOS",Clinical_Diagnosis_PID,0
getNextPvId(),8910/3,,null,8910/3 Embryonal rhabdomyosarcoma,Clinical_Diagnosis_PID,0
getNextPvId(),8991/3,,null,8991/3 Embryonal sarcoma,Clinical_Diagnosis_PID,0
getNextPvId(),8930/3,,null,8930/3 Endometrial stromal sarcoma,Clinical_Diagnosis_PID,0
getNextPvId(),8931/3,,null,"8931/3 Endometrial stromal sarcoma, low grade",Clinical_Diagnosis_PID,0
getNextPvId(),8383/3,,null,"8383/3 Endometrioid adenocarcinoma, ciliated cell variant",Clinical_Diagnosis_PID,0
getNextPvId(),8382/3,,null,"8382/3 Endometrioid adenocarcinoma, secretory variant",Clinical_Diagnosis_PID,0
getNextPvId(),8381/3,,null,"8381/3 Endometrioid adenofibroma, malignant",Clinical_Diagnosis_PID,0
getNextPvId(),8380/3,,null,8380/3 Endometrioid carcinoma,Clinical_Diagnosis_PID,0
getNextPvId(),8241/3,,null,8241/3 Enterochromaffin cell carcinoid,Clinical_Diagnosis_PID,0
getNextPvId(),8242/3,,null,"8242/3 Enterochromaffin-like cell tumor, malignant",Clinical_Diagnosis_PID,0
getNextPvId(),8157/3,,null,"8157/3 Enteroglucagonoma, malignant",Clinical_Diagnosis_PID,0
getNextPvId(),9392/3,,null,"9392/3 Ependymoma, anaplastic",Clinical_Diagnosis_PID,0
getNextPvId(),9391/3,,null,"9391/3 Ependymoma, NOS",Clinical_Diagnosis_PID,0
getNextPvId(),9052/3,,null,"9052/3 Epithelial mesothelioma, malignant",Clinical_Diagnosis_PID,0
getNextPvId(),8010/0,,null,"8010/0 Epithelial tumor, benign",Clinical_Diagnosis_PID,0
getNextPvId(),8562/3,,null,8562/3 Epithelial-myoepithelial carcinoma,Clinical_Diagnosis_PID,0
getNextPvId(),8771/3,,null,8771/3 Epithelioid cell melanoma,Clinical_Diagnosis_PID,0
getNextPvId(),9133/3,,null,"9133/3 Epithelioid hemangioendothelioma, malignant",Clinical_Diagnosis_PID,0
getNextPvId(),8891/3,,null,8891/3 Epithelioid leiomyosarcoma,Clinical_Diagnosis_PID,0
getNextPvId(),8804/3,,null,8804/3 Epithelioid sarcoma,Clinical_Diagnosis_PID,0
getNextPvId(),8011/3,,null,"8011/3 Epithelioma, malignant",Clinical_Diagnosis_PID,0
getNextPvId(),9962/3,,null,9962/3 Essential thrombocythemia,Clinical_Diagnosis_PID,0
getNextPvId(),9260/3,,null,9260/3 Ewing sarcoma,Clinical_Diagnosis_PID,0
getNextPvId(),8693/3,,null,"8693/3 Extra-adrenal paraganglioma, malignant",Clinical_Diagnosis_PID,0
getNextPvId(),8813/3,,null,8813/3 Fascial fibrosarcoma,Clinical_Diagnosis_PID,0
getNextPvId(),8333/3,,null,8333/3 Fetal adenocarcinoma,Clinical_Diagnosis_PID,0
getNextPvId(),9420/3,,null,9420/3 Fibrillary astrocytoma,Clinical_Diagnosis_PID,0
getNextPvId(),8857/3,,null,8857/3 Fibroblastic liposarcoma,Clinical_Diagnosis_PID,0
getNextPvId(),9182/3,,null,9182/3 Fibroblastic osteosarcoma,Clinical_Diagnosis_PID,0
getNextPvId(),9759/3,,null,9759/3 Fibroblastic reticular cell tumor,Clinical_Diagnosis_PID,0
getNextPvId(),8851/0,,null,8851/0 Fibrolipoma,Clinical_Diagnosis_PID,0
getNextPvId(),8810/0,,null,"8810/0 Fibroma, NOS",Clinical_Diagnosis_PID,0
getNextPvId(),8811/3,,null,8811/3 Fibromyxosarcoma,Clinical_Diagnosis_PID,0
getNextPvId(),8810/3,,null,"8810/3 Fibrosarcoma, NOS",Clinical_Diagnosis_PID,0
getNextPvId(),8830/3,,null,"8830/3 Fibrous histiocytoma, malignant",Clinical_Diagnosis_PID,0
getNextPvId(),9532/0,,null,9532/0 Fibrous meningioma,Clinical_Diagnosis_PID,0
getNextPvId(),9051/3,,null,"9051/3 Fibrous mesothelioma, malignant",Clinical_Diagnosis_PID,0
getNextPvId(),8332/3,,null,8332/3 Follicular adenocarcinoma trabecular,Clinical_Diagnosis_PID,0
getNextPvId(),8331/3,,null,8331/3 Follicular adenocarcinoma well differentiated,Clinical_Diagnosis_PID,0
getNextPvId(),8330/3,,null,"8330/3 Follicular adenocarcinoma, NOS",Clinical_Diagnosis_PID,0
getNextPvId(),8335/3,,null,"8335/3 Follicular carcinoma, minimally invasive",Clinical_Diagnosis_PID,0
getNextPvId(),9758/3,,null,9758/3 Follicular dendritic cell sarcoma,Clinical_Diagnosis_PID,0
getNextPvId(),9695/3,,null,"9695/3 Follicular lymphoma, grade 1",Clinical_Diagnosis_PID,0
getNextPvId(),9691/3,,null,"9691/3 Follicular lymphoma, grade 2",Clinical_Diagnosis_PID,0
getNextPvId(),9698/3,,null,"9698/3 Follicular lymphoma, grade 3",Clinical_Diagnosis_PID,0
getNextPvId(),9690/3,,null,"9690/3 Follicular lymphoma, NOS",Clinical_Diagnosis_PID,0
getNextPvId(),9492/0,,null,9492/0 Gangliocytoma,Clinical_Diagnosis_PID,0
getNextPvId(),9505/3,,null,"9505/3 Ganglioglioma, anaplastic",Clinical_Diagnosis_PID,0
getNextPvId(),9505/1,,null,"9505/1 Ganglioglioma, NOS",Clinical_Diagnosis_PID,0
getNextPvId(),9490/3,,null,9490/3 Ganglioneuroblastoma,Clinical_Diagnosis_PID,0
getNextPvId(),9490/0,,null,9490/0 Ganglioneuroma,Clinical_Diagnosis_PID,0
getNextPvId(),8153/3,,null,"8153/3 Gastrinoma, malignant",Clinical_Diagnosis_PID,0
getNextPvId(),8936/3,,null,8936/3 Gastrointestinal stromal sarcoma,Clinical_Diagnosis_PID,0
getNextPvId(),9411/3,,null,9411/3 Gemistocytic astrocytoma,Clinical_Diagnosis_PID,0
getNextPvId(),9065/3,,null,"9065/3 Germ cell tumor, nonseminomatous",Clinical_Diagnosis_PID,0
getNextPvId(),9064/3,,null,9064/3 Germinoma,Clinical_Diagnosis_PID,0
getNextPvId(),8030/3,,null,8030/3 Giant cell and spindle cell carcinoma,Clinical_Diagnosis_PID,0
getNextPvId(),8031/3,,null,8031/3 Giant cell carcinoma,Clinical_Diagnosis_PID,0
getNextPvId(),9441/3,,null,9441/3 Giant cell glioblastoma,Clinical_Diagnosis_PID,0
getNextPvId(),8802/3,,null,8802/3 Giant cell sarcoma,Clinical_Diagnosis_PID,0
getNextPvId(),9250/3,,null,"9250/3 Giant cell tumor of bone, malignant",Clinical_Diagnosis_PID,0
getNextPvId(),8148/2,,null,"8148/2 Glandular intraepithelial neoplasia, grade III",Clinical_Diagnosis_PID,0
getNextPvId(),8015/3,,null,8015/3 Glassy cell carcinoma,Clinical_Diagnosis_PID,0
getNextPvId(),9440/3,,null,"9440/3 Glioblastoma, NOS",Clinical_Diagnosis_PID,0
getNextPvId(),9442/1,,null,9442/1 Gliofibroma,Clinical_Diagnosis_PID,0
getNextPvId(),9380/3,,null,"9380/3 Glioma, malignant",Clinical_Diagnosis_PID,0
getNextPvId(),9381/3,,null,9381/3 Gliomatosis cerebri,Clinical_Diagnosis_PID,0
getNextPvId(),9442/3,,null,9442/3 Gliosarcoma,Clinical_Diagnosis_PID,0
getNextPvId(),8710/3,,null,8710/3 Glomangiosarcoma,Clinical_Diagnosis_PID,0
getNextPvId(),8152/3,,null,"8152/3 Glucagonoma, malignant",Clinical_Diagnosis_PID,0
getNextPvId(),8315/3,,null,8315/3 Glycogen-rich carcinoma,Clinical_Diagnosis_PID,0
getNextPvId(),8243/3,,null,8243/3 Goblet cell carcinoid,Clinical_Diagnosis_PID,0
getNextPvId(),8320/3,,null,8320/3 Granular cell carcinoma,Clinical_Diagnosis_PID,0
getNextPvId(),9582/0,,null,9582/0 Granular cell tumor of the sellar region,Clinical_Diagnosis_PID,0
getNextPvId(),9580/3,,null,"9580/3 Granular cell tumor, malignant",Clinical_Diagnosis_PID,0
getNextPvId(),9580/0,,null,"9580/0 Granular cell tumor, NOS",Clinical_Diagnosis_PID,0
getNextPvId(),8620/3,,null,"8620/3 Granulosa cell tumor, malignant",Clinical_Diagnosis_PID,0
getNextPvId(),8621/3,,null,"8621/3 Granulosa cell-theca cell tumor, malignant",Clinical_Diagnosis_PID,0
getNextPvId(),8632/3,,null,"8632/3 Gynandroblastoma, malignant",Clinical_Diagnosis_PID,0
getNextPvId(),9940/3,,null,9940/3 Hairy cell leukemia,Clinical_Diagnosis_PID,0
getNextPvId(),9762/3,,null,"9762/3 Heavy chain disease, NOS",Clinical_Diagnosis_PID,0
getNextPvId(),9161/1,,null,9161/1 Hemangioblastoma,Clinical_Diagnosis_PID,0
getNextPvId(),9130/0,,null,"9130/0 Hemangioendothelioma, benign",Clinical_Diagnosis_PID,0
getNextPvId(),9130/3,,null,"9130/3 Hemangioendothelioma, malignant",Clinical_Diagnosis_PID,0
getNextPvId(),9130/1,,null,"9130/1 Hemangioendothelioma, NOS",Clinical_Diagnosis_PID,0
getNextPvId(),9120/0,,null,"9120/0 Hemangioma, NOS",Clinical_Diagnosis_PID,0
getNextPvId(),9150/0,,null,"9150/0 Hemangiopericytoma, benign",Clinical_Diagnosis_PID,0
getNextPvId(),9150/3,,null,"9150/3 Hemangiopericytoma, malignant",Clinical_Diagnosis_PID,0
getNextPvId(),9150/1,,null,"9150/1 Hemangiopericytoma, NOS",Clinical_Diagnosis_PID,0
getNextPvId(),9120/3,,null,9120/3 Hemangiosarcoma,Clinical_Diagnosis_PID,0
getNextPvId(),8970/3,,null,8970/3 Hepatoblastoma,Clinical_Diagnosis_PID,0
getNextPvId(),8174/3,,null,"8174/3 Hepatocellular carcinoma, clear cell type",Clinical_Diagnosis_PID,0
getNextPvId(),8171/3,,null,"8171/3 Hepatocellular carcinoma, fibrolamellar",Clinical_Diagnosis_PID,0
getNextPvId(),8170/3,,null,"8170/3 Hepatocellular carcinoma, NOS",Clinical_Diagnosis_PID,0
getNextPvId(),8175/3,,null,"8175/3 Hepatocellular carcinoma, pleomorphic type",Clinical_Diagnosis_PID,0
getNextPvId(),8172/3,,null,"8172/3 Hepatocellular carcinoma, scirrhous",Clinical_Diagnosis_PID,0
getNextPvId(),8173/3,,null,"8173/3 Hepatocellular carcinoma, spindle cell variant",Clinical_Diagnosis_PID,0
getNextPvId(),8576/3,,null,8576/3 Hepatoid adenocarcinoma,Clinical_Diagnosis_PID,0
getNextPvId(),9716/3,,null,9716/3 Hepatosplenic gamma-delta cell lymphoma,Clinical_Diagnosis_PID,0
getNextPvId(),9194/3,,null,9194/3 High grade surface osteosarcoma,Clinical_Diagnosis_PID,0
getNextPvId(),9755/3,,null,9755/3 Histiocytic sarcoma,Clinical_Diagnosis_PID,0
getNextPvId(),9661/3,,null,9661/3 Hodgkin granuloma [obs],Clinical_Diagnosis_PID,0
getNextPvId(),9654/3,,null,"9654/3 Hodgkin lymphoma, lymphocyte depletion, diffuse fibrosis",Clinical_Diagnosis_PID,0
getNextPvId(),9659/3,,null,"9659/3 Hodgkin lymphoma, nodular lymphocyte predominant",Clinical_Diagnosis_PID,0
getNextPvId(),9655/3,,null,"9655/3 Hodgkin lymphoma, lymphocyte depletion, reticular",Clinical_Diagnosis_PID,0
getNextPvId(),9651/3,,null,"9651/3 Hodgkin lymphoma, lymphocyte-rich",Clinical_Diagnosis_PID,0
getNextPvId(),9653/3,,null,"9653/3 Hodgkin lymphoma, lymphocytic depletion, NOS",Clinical_Diagnosis_PID,0
getNextPvId(),9652/3,,null,"9652/3 Hodgkin lymphoma, mixed cellularity, NOS",Clinical_Diagnosis_PID,0
getNextPvId(),9664/3,,null,"9664/3 Hodgkin lymphoma, nodular sclerosis, cellular phase",Clinical_Diagnosis_PID,0
getNextPvId(),9665/3,,null,"9665/3 Hodgkin lymphoma, nodular sclerosis, grade 1",Clinical_Diagnosis_PID,0
getNextPvId(),9667/3,,null,"9667/3 Hodgkin lymphoma, nodular sclerosis, grade 2",Clinical_Diagnosis_PID,0
getNextPvId(),9663/3,,null,"9663/3 Hodgkin lymphoma, nodular sclerosis, NOS",Clinical_Diagnosis_PID,0
getNextPvId(),9650/3,,null,"9650/3 Hodgkin lymphoma, NOS",Clinical_Diagnosis_PID,0
getNextPvId(),9662/3,,null,9662/3 Hodgkin sarcoma [obs],Clinical_Diagnosis_PID,0
getNextPvId(),9725/3,,null,9725/3 Hydroa vacciniforme-like lymphoma,Clinical_Diagnosis_PID,0
getNextPvId(),9964/3,,null,9964/3 Hypereosinophilic syndrome,Clinical_Diagnosis_PID,0
getNextPvId(),9760/3,,null,"9760/3 Immunoproliferative disease, NOS",Clinical_Diagnosis_PID,0
getNextPvId(),9764/3,,null,9764/3 Immunoproliferative small intestinal disease,Clinical_Diagnosis_PID,0
getNextPvId(),8814/3,,null,8814/3 Infantile fibrosarcoma,Clinical_Diagnosis_PID,0
getNextPvId(),8523/3,,null,8523/3 Infiltrating duct mixed with other types of carcinoma,Clinical_Diagnosis_PID,0
getNextPvId(),8523/2,,null,"8523/2 Infiltrating duct mixed with other types of carcinoma, in situ",Clinical_Diagnosis_PID,0
getNextPvId(),8092/3,,null,"8092/3 Infiltrating basal cell carcinoma, NOS",Clinical_Diagnosis_PID,0
getNextPvId(),8522/3,,null,8522/3 Infiltrating duct and lobular carcinoma,Clinical_Diagnosis_PID,0
getNextPvId(),8500/3,,null,"8500/3 Infiltrating duct carcinoma, NOS",Clinical_Diagnosis_PID,0
getNextPvId(),8521/3,,null,8521/3 Infiltrating ductular carcinoma,Clinical_Diagnosis_PID,0
getNextPvId(),8524/3,,null,8524/3 Infiltrating lobular mixed with other types of carcinoma,Clinical_Diagnosis_PID,0
getNextPvId(),8530/3,,null,8530/3 Inflammatory carcinoma,Clinical_Diagnosis_PID,0
getNextPvId(),9187/3,,null,9187/3 Instrosseous well differentiated osteosarcoma,Clinical_Diagnosis_PID,0
getNextPvId(),8337/3,,null,8337/3 Insular carcinoma,Clinical_Diagnosis_PID,0
getNextPvId(),8151/3,,null,"8151/3 Insulinoma, malignant",Clinical_Diagnosis_PID,0
getNextPvId(),9757/3,,null,9757/3 Interdigitating dendritic cell sarcoma,Clinical_Diagnosis_PID,0
getNextPvId(),9717/3,,null,9717/3 Intestinal T-cell lymphoma,Clinical_Diagnosis_PID,0
getNextPvId(),9195/3,,null,9195/3 Intracortical osteosarcoma,Clinical_Diagnosis_PID,0
getNextPvId(),8504/3,,null,"8504/3 Intracystic carcinoma, NOS",Clinical_Diagnosis_PID,0
getNextPvId(),8522/2,,null,8522/2 Intraductal and lobular in situ carcinoma,Clinical_Diagnosis_PID,0
getNextPvId(),8500/2,,null,"8500/2 Intraductal carcinoma, noninfiltrating, NOS",Clinical_Diagnosis_PID,0
getNextPvId(),8507/2,,null,8507/2 Intraductal micropapillary carcinoma,Clinical_Diagnosis_PID,0
getNextPvId(),8503/3,,null,8503/3 Intraductal papillary adenocarcinoma with invasion,Clinical_Diagnosis_PID,0
getNextPvId(),8453/3,,null,"8453/3 Intraductal papillary-mucinous carcinoma, invasive",Clinical_Diagnosis_PID,0
getNextPvId(),8453/2,,null,"8453/2 Intraductal papillary-mucinous carcinoma, non-invasive",Clinical_Diagnosis_PID,0
getNextPvId(),9064/2,,null,9064/2 Intratubular malignant germ cells,Clinical_Diagnosis_PID,0
getNextPvId(),9712/3,,null,9712/3 Intravascular large B-cell lymphoma,Clinical_Diagnosis_PID,0
getNextPvId(),8150/3,,null,8150/3 Islet cell carcinoma,Clinical_Diagnosis_PID,0
getNextPvId(),9946/3,,null,9946/3 Juvenile myelomonocytic leukemia,Clinical_Diagnosis_PID,0
getNextPvId(),9221/3,,null,9221/3 Juxtacortical chondrosarcoma,Clinical_Diagnosis_PID,0
getNextPvId(),9140/3,,null,9140/3 Kaposi sarcoma,Clinical_Diagnosis_PID,0
getNextPvId(),8162/3,,null,8162/3 Klatskin tumor,Clinical_Diagnosis_PID,0
getNextPvId(),9124/3,,null,9124/3 Kupffer cell sarcoma,Clinical_Diagnosis_PID,0
getNextPvId(),9754/3,,null,"9754/3 Langerhans cell histiocytosis, disseminated",Clinical_Diagnosis_PID,0
getNextPvId(),9751/3,,null,"9751/3 Langerhans cell histiocytosis, NOS",Clinical_Diagnosis_PID,0
getNextPvId(),9756/3,,null,9756/3 Langerhans cell sarcoma,Clinical_Diagnosis_PID,0
getNextPvId(),8014/3,,null,8014/3 Large cell carcinoma with rhabdoid phenotype,Clinical_Diagnosis_PID,0
getNextPvId(),8012/3,,null,"8012/3 Large cell carcinoma, NOS",Clinical_Diagnosis_PID,0
getNextPvId(),9474/3,,null,9474/3 Large cell medulloblastoma,Clinical_Diagnosis_PID,0
getNextPvId(),8013/3,,null,8013/3 Large cell neuroendocrine carcinoma,Clinical_Diagnosis_PID,0
getNextPvId(),8890/0,,null,"8890/0 Leiomyoma, NOS",Clinical_Diagnosis_PID,0
getNextPvId(),8890/1,,null,"8890/1 Leiomyomatosis, nOS",Clinical_Diagnosis_PID,0
getNextPvId(),8890/3,,null,"8890/3 Leiomyosarcoma, NOS",Clinical_Diagnosis_PID,0
getNextPvId(),8742/2,,null,8742/2 Lentigo maligna,Clinical_Diagnosis_PID,0
getNextPvId(),8742/3,,null,8742/3 Lentigo maligna melanoma,Clinical_Diagnosis_PID,0
getNextPvId(),9800/3,,null,"9800/3 Leukemia, NOS",Clinical_Diagnosis_PID,0
getNextPvId(),9816/3,,null,9816/3 Leukemia/lymphoma with hypodiploidy (hypodiploid ALL),Clinical_Diagnosis_PID,0
getNextPvId(),9818/3,,null,"9818/3 Leukemia/lymphoma with t(1,19)(q23,p13.3)",Clinical_Diagnosis_PID,0
getNextPvId(),9814/3,,null,"9814/3 Leukemia/lymphoma with t(12,21)(p13,q22)",Clinical_Diagnosis_PID,0
getNextPvId(),9812/3,,null,"9812/3 Leukemia/lymphoma with t(9,22)(q34,q11.2)",Clinical_Diagnosis_PID,0
getNextPvId(),9813/3,,null,"9813/3 Leukemia/lymphoma with t(v,11q23),MLL rearranged",Clinical_Diagnosis_PID,0
getNextPvId(),8650/3,,null,"8650/3 Leydig cell tumor, malignant",Clinical_Diagnosis_PID,0
getNextPvId(),8142/3,,null,8142/3 Linitis plastica,Clinical_Diagnosis_PID,0
getNextPvId(),8314/3,,null,8314/3 Lipid-rich carcinoma,Clinical_Diagnosis_PID,0
getNextPvId(),8850/0,,null,"8850/0 Lipoma, NOS",Clinical_Diagnosis_PID,0
getNextPvId(),8850/3,,null,"8850/3 Liposarcoma, NOS",Clinical_Diagnosis_PID,0
getNextPvId(),8851/3,,null,"8851/3 Liposarcoma, well differentiated",Clinical_Diagnosis_PID,0
getNextPvId(),8520/2,,null,8520/2 Lobular carcinoma in situ,Clinical_Diagnosis_PID,0
getNextPvId(),8520/3,,null,"8520/3 Lobular carcinoma, NOS",Clinical_Diagnosis_PID,0
getNextPvId(),9738/3,,null,9738/3 Large B-cell lymphoma in HHV8-associated multicentric Castleman DZ,Clinical_Diagnosis_PID,0
getNextPvId(),9170/3,,null,9170/3 Lymphangiosarcoma,Clinical_Diagnosis_PID,0
getNextPvId(),8082/3,,null,8082/3 Lymphoepithelial carcinoma,Clinical_Diagnosis_PID,0
getNextPvId(),9820/3,,null,"9820/3 Lymphoid leukemia, NOS",Clinical_Diagnosis_PID,0
getNextPvId(),8761/3,,null,8761/3 Malignant melanoma in giant pigmented nevus,Clinical_Diagnosis_PID,0
getNextPvId(),8740/3,,null,8740/3 Malignant  melanoma in junctional nevus,Clinical_Diagnosis_PID,0
getNextPvId(),8741/3,,null,8741/3 Malignant  melanoma in precancerous melanosis,Clinical_Diagnosis_PID,0
getNextPvId(),8959/3,,null,8959/3 Malignant cystic nephroma,Clinical_Diagnosis_PID,0
getNextPvId(),8403/3,,null,8403/3 Malignant eccrine spiradenoma,Clinical_Diagnosis_PID,0
getNextPvId(),9251/3,,null,9251/3 Malignant giant cell tumor of soft parts,Clinical_Diagnosis_PID,0
getNextPvId(),9750/3,,null,9750/3 Malignant histiocytosis,Clinical_Diagnosis_PID,0
getNextPvId(),9591/3,,null,"9591/3 Malignant lymphoma, non-Hodgkin",Clinical_Diagnosis_PID,0
getNextPvId(),9590/3,,null,"9590/3 Malignant lymphoma, NOS",Clinical_Diagnosis_PID,0
getNextPvId(),9741/3,,null,9741/3 Malignant mastocytosis,Clinical_Diagnosis_PID,0
getNextPvId(),8720/3,,null,"8720/3 Malignant melanoma, NOS",Clinical_Diagnosis_PID,0
getNextPvId(),8723/3,,null,"8723/3 Malignant melanoma, regressing",Clinical_Diagnosis_PID,0
getNextPvId(),8982/3,,null,8982/3 Malignant myoepithelioma,Clinical_Diagnosis_PID,0
getNextPvId(),9540/3,,null,9540/3 Malignant peripheral nerve sheath tumor,Clinical_Diagnosis_PID,0
getNextPvId(),9104/3,,null,9104/3 Malignant placental site trophoblastic tumor,Clinical_Diagnosis_PID,0
getNextPvId(),8963/3,,null,8963/3 Malignant rhabdoid tumor,Clinical_Diagnosis_PID,0
getNextPvId(),9252/3,,null,9252/3 Malignant tenosynovial giant cell tumor,Clinical_Diagnosis_PID,0
getNextPvId(),9083/3,,null,"9083/3 Malignant teratoma, intermediate",Clinical_Diagnosis_PID,0
getNextPvId(),9102/3,,null,"9102/3 Malignant teratoma, trophoblastic",Clinical_Diagnosis_PID,0
getNextPvId(),9082/3,,null,"9082/3 Malignant teratoma, undifferentiated",Clinical_Diagnosis_PID,0
getNextPvId(),8005/3,,null,"8005/3 Malignant tumor, clear cell type",Clinical_Diagnosis_PID,0
getNextPvId(),8003/3,,null,"8003/3 Malignant tumor, giant cell type",Clinical_Diagnosis_PID,0
getNextPvId(),8002/3,,null,"8002/3 Malignant tumor, small cell type",Clinical_Diagnosis_PID,0
getNextPvId(),8004/3,,null,"8004/3 Malignant tumor, spindle cell type",Clinical_Diagnosis_PID,0
getNextPvId(),9673/3,,null,9673/3 Mantle cell lymphoma,Clinical_Diagnosis_PID,0
getNextPvId(),9699/3,,null,"9699/3 Marginal zone B-cell lymphoma, NOS",Clinical_Diagnosis_PID,0
getNextPvId(),9742/3,,null,9742/3 Mast cell leukemia,Clinical_Diagnosis_PID,0
getNextPvId(),9740/3,,null,9740/3 Mast cell sarcoma,Clinical_Diagnosis_PID,0
getNextPvId(),9702/3,,null,"9702/3 Mature T-cell lymphoma, NOS",Clinical_Diagnosis_PID,0
getNextPvId(),9679/3,,null,9679/3 Mediastinal large B-cell lymphoma,Clinical_Diagnosis_PID,0
getNextPvId(),8345/3,,null,8345/3 Medullary carcinoma with amyloid stroma,Clinical_Diagnosis_PID,0
getNextPvId(),8512/3,,null,8512/3 Medullary carcinoma with lymphoid stroma,Clinical_Diagnosis_PID,0
getNextPvId(),8510/3,,null,"8510/3 Medullary carcinoma, NOS",Clinical_Diagnosis_PID,0
getNextPvId(),9470/3,,null,"9470/3 Medulloblastoma, NOS",Clinical_Diagnosis_PID,0
getNextPvId(),9501/3,,null,"9501/3 Medulloepithelioma, NOS",Clinical_Diagnosis_PID,0
getNextPvId(),9472/3,,null,9472/3 Medullomyoblastoma,Clinical_Diagnosis_PID,0
getNextPvId(),8720/2,,null,8720/2 Melanoma in situ,Clinical_Diagnosis_PID,0
getNextPvId(),9541/0,,null,9541/0 Melanotic neurofibroma,Clinical_Diagnosis_PID,0
getNextPvId(),8728/1,,null,8728/1 Meningeal melanocytoma,Clinical_Diagnosis_PID,0
getNextPvId(),8728/3,,null,8728/3 Meningeal melanomatosis,Clinical_Diagnosis_PID,0
getNextPvId(),9539/3,,null,9539/3 Meningeal sarcomatosis,Clinical_Diagnosis_PID,0
getNextPvId(),9530/3,,null,"9530/3 Meningioma, malignant",Clinical_Diagnosis_PID,0
getNextPvId(),9530/0,,null,"9530/0 Meningioma, NOS",Clinical_Diagnosis_PID,0
getNextPvId(),9530/1,,null,"9530/1 Meningiomatosis, NOS",Clinical_Diagnosis_PID,0
getNextPvId(),9531/0,,null,9531/0 Meningothelial meningioma,Clinical_Diagnosis_PID,0
getNextPvId(),8247/3,,null,8247/3 Merkel cell carcinoma,Clinical_Diagnosis_PID,0
getNextPvId(),9240/3,,null,9240/3 Mesenchymal chondrosarcoma,Clinical_Diagnosis_PID,0
getNextPvId(),8990/3,,null,"8990/3 Mesenchymoma, malignant",Clinical_Diagnosis_PID,0
getNextPvId(),8951/3,,null,8951/3 Mesodermal mixed tumor,Clinical_Diagnosis_PID,0
getNextPvId(),9110/3,,null,"9110/3 Mesonephroma, malignant",Clinical_Diagnosis_PID,0
getNextPvId(),9053/3,,null,"9053/3 Mesothelioma, biphasic, malignant",Clinical_Diagnosis_PID,0
getNextPvId(),9050/3,,null,"9050/3 Mesothelioma, malignant",Clinical_Diagnosis_PID,0
getNextPvId(),8575/3,,null,"8575/3 Metaplastic carcinoma, NOS",Clinical_Diagnosis_PID,0
getNextPvId(),8095/3,,null,8095/3 Metatypical carcinoma,Clinical_Diagnosis_PID,0
getNextPvId(),8281/0,,null,8281/0 Mixed acidophil-basophil adenoma,Clinical_Diagnosis_PID,0
getNextPvId(),8281/3,,null,8281/3 Mixed acidophil-basophil carcinoma,Clinical_Diagnosis_PID,0
getNextPvId(),8323/3,,null,8323/3 Mixed cell adenocarcinoma,Clinical_Diagnosis_PID,0
getNextPvId(),8323/0,,null,8323/0 Mixed cell adenoma,Clinical_Diagnosis_PID,0
getNextPvId(),8770/3,,null,8770/3 Mixed epithelium & spindle cell melanoma,Clinical_Diagnosis_PID,0
getNextPvId(),9085/3,,null,9085/3 Mixed germ cell tumor,Clinical_Diagnosis_PID,0
getNextPvId(),9382/3,,null,9382/3 Mixed glioma,Clinical_Diagnosis_PID,0
getNextPvId(),8154/3,,null,8154/3 Mixed islet cell & exocrine adenocarcinoma,Clinical_Diagnosis_PID,0
getNextPvId(),8346/3,,null,8346/3 Mixed medullary-follicular carcinoma,Clinical_Diagnosis_PID,0
getNextPvId(),8347/3,,null,8347/3 Mixed medullary-papillary carcinoma,Clinical_Diagnosis_PID,0
getNextPvId(),9806/3,,null,"9806/3 Mixed phenotype acute leukemia with t(9,22)(q34,q11.2)",Clinical_Diagnosis_PID,0
getNextPvId(),9807/3,,null,"9807/3 Mixed phenotype acute leukemia with t(v,11q23),MLL rearranged",Clinical_Diagnosis_PID,0
getNextPvId(),9808/3,,null,"9808/3 Mixed phenotype acute leukemia, B/myeloid, NOS",Clinical_Diagnosis_PID,0
getNextPvId(),9809/3,,null,"9809/3 Mixed phenotype acute leukemia, T/myeloid, NOS",Clinical_Diagnosis_PID,0
getNextPvId(),8940/3,,null,"8940/3 Mixed tumor, malignant, NOS",Clinical_Diagnosis_PID,0
getNextPvId(),8855/3,,null,8855/3 Mixed type liposarcoma,Clinical_Diagnosis_PID,0
getNextPvId(),8902/3,,null,8902/3 Mixed type rhabdomyosarcoma,Clinical_Diagnosis_PID,0
getNextPvId(),9680/3,,null,"9680/3 Malignant lymphoma, large B-cell, diffuse",Clinical_Diagnosis_PID,0
getNextPvId(),9684/3,,null,"9684/3 Malignant lymphoma, large B-cell, diffuse, immunoblastic, NOS",Clinical_Diagnosis_PID,0
getNextPvId(),9671/3,,null,"9671/3 Malignant lymphoma, lymphoplasmacytic",Clinical_Diagnosis_PID,0
getNextPvId(),9675/3,,null,"9675/3 Malignant lymphoma, mixed small and large cell, diffuse",Clinical_Diagnosis_PID,0
getNextPvId(),9670/3,,null,"9670/3 Malignant lymphoma, small B lymphocytic, NOS",Clinical_Diagnosis_PID,0
getNextPvId(),8146/0,,null,8146/0 Monomorphic adenoma,Clinical_Diagnosis_PID,0
getNextPvId(),9561/3,,null,9561/3 MPNST with rhabdomyoblastic differentiation,Clinical_Diagnosis_PID,0
getNextPvId(),9015/3,,null,9015/3 Mucinous adenocarcinofibroma,Clinical_Diagnosis_PID,0
getNextPvId(),8480/3,,null,8480/3 Mucinous adenocarcinoma,Clinical_Diagnosis_PID,0
getNextPvId(),8482/3,,null,"8482/3 Mucinous adenocarcinoma, endocervical type",Clinical_Diagnosis_PID,0
getNextPvId(),8470/2,,null,"8470/2 Mucinous cystadenocarcinoma, non-invasive",Clinical_Diagnosis_PID,0
getNextPvId(),8470/3,,null,"8470/3 Mucinous cystadenocarcinoma, NOS",Clinical_Diagnosis_PID,0
getNextPvId(),8472/1,,null,8472/1 Mucinous cystic tumor of borderline malignancy (C56.9),Clinical_Diagnosis_PID,0
getNextPvId(),8481/3,,null,8481/3 Mucin-producing adenocarcinoma,Clinical_Diagnosis_PID,0
getNextPvId(),8430/3,,null,8430/3 Mucoepidermoid carcinoma,Clinical_Diagnosis_PID,0
getNextPvId(),8746/3,,null,8746/3 Mucosal lentiginous melanoma,Clinical_Diagnosis_PID,0
getNextPvId(),8950/3,,null,8950/3 Mullerian mixed tumor,Clinical_Diagnosis_PID,0
getNextPvId(),8091/3,,null,8091/3 Multifocal superficial basal cell carcinoma,Clinical_Diagnosis_PID,0
getNextPvId(),9732/3,,null,9732/3 Multiple myeloma,Clinical_Diagnosis_PID,0
getNextPvId(),9700/3,,null,9700/3 Mycosis fungoides,Clinical_Diagnosis_PID,0
getNextPvId(),9986/3,,null,9986/3 Myelodysplastic syndr. with 5q deletion syndrome,Clinical_Diagnosis_PID,0
getNextPvId(),9989/3,,null,"9989/3 Myelodysplastic syndrome, NOS",Clinical_Diagnosis_PID,0
getNextPvId(),9975/3,,null,"9975/3 Myelodysplastic/Myeloproliferative neoplasm, unclassifiable",Clinical_Diagnosis_PID,0
getNextPvId(),9967/3,,null,9967/3 Myeloid and lymphoid neoplasm with FGFR1 abnormalities,Clinical_Diagnosis_PID,0
getNextPvId(),9966/3,,null,9966/3 Myeloid and lymphoid neoplasms with PDGFRB re arrangement,Clinical_Diagnosis_PID,0
getNextPvId(),9965/3,,null,9965/3 Myeloid and lymphoid neoplasms with PDGFRB rearrangement,Clinical_Diagnosis_PID,0
getNextPvId(),9898/3,,null,9898/3 Myeloid leukemia associated with Down Syndrome,Clinical_Diagnosis_PID,0
getNextPvId(),9860/3,,null,"9860/3 Myeloid leukemia, NOS",Clinical_Diagnosis_PID,0
getNextPvId(),9930/3,,null,9930/3 Myeloid sarcoma,Clinical_Diagnosis_PID,0
getNextPvId(),9961/3,,null,9961/3 Myelosclerosis with myeloid metaplasia,Clinical_Diagnosis_PID,0
getNextPvId(),8895/3,,null,8895/3 Myosarcoma,Clinical_Diagnosis_PID,0
getNextPvId(),9231/3,,null,9231/3 Myxoid chondrosarcoma,Clinical_Diagnosis_PID,0
getNextPvId(),8896/3,,null,8896/3 Myxoid leiomyosarcoma,Clinical_Diagnosis_PID,0
getNextPvId(),8852/3,,null,8852/3 Myxoid liposarcoma,Clinical_Diagnosis_PID,0
getNextPvId(),9394/1,,null,9394/1 Myxopapillary ependymoma,Clinical_Diagnosis_PID,0
getNextPvId(),8840/3,,null,8840/3 Myxosarcoma,Clinical_Diagnosis_PID,0
getNextPvId(),8000/0,,null,"8000/0 Neoplasm, benign",Clinical_Diagnosis_PID,0
getNextPvId(),8000/3,,null,"8000/3 Neoplasm, malignant",Clinical_Diagnosis_PID,0
getNextPvId(),8000/1,,null,"8000/1 Neoplasm, uncertain whether benign or malignant",Clinical_Diagnosis_PID,0
getNextPvId(),8960/3,,null,"8960/3 Nephroblastoma, NOS",Clinical_Diagnosis_PID,0
getNextPvId(),9560/3,,null,"9560/3 Neurilemmoma, malignant",Clinical_Diagnosis_PID,0
getNextPvId(),9560/0,,null,"9560/0 Neurilemoma, NOS",Clinical_Diagnosis_PID,0
getNextPvId(),9560/1,,null,9560/1 Neurinomatosis,Clinical_Diagnosis_PID,0
getNextPvId(),9500/3,,null,"9500/3 Neuroblastoma, NOS",Clinical_Diagnosis_PID,0
getNextPvId(),8246/3,,null,8246/3 Neuroendocrine carcinoma,Clinical_Diagnosis_PID,0
getNextPvId(),9503/3,,null,"9503/3 Neuroepithelioma, NOS",Clinical_Diagnosis_PID,0
getNextPvId(),9540/0,,null,"9540/0 Neurofibroma, NOS",Clinical_Diagnosis_PID,0
getNextPvId(),9540/1,,null,"9540/1 Neurofibromatosis, NOS",Clinical_Diagnosis_PID,0
getNextPvId(),9570/0,,null,"9570/0 Neuroma, NOS",Clinical_Diagnosis_PID,0
getNextPvId(),9562/0,,null,9562/0 Neurothekeoma,Clinical_Diagnosis_PID,0
getNextPvId(),9719/3,,null,"9719/3 NK/T-cell lymphoma, nasal and nasal-type",Clinical_Diagnosis_PID,0
getNextPvId(),8402/3,,null,"8402/3 Nodular hidradenoma, malignant",Clinical_Diagnosis_PID,0
getNextPvId(),8721/3,,null,8721/3 Nodular melanoma,Clinical_Diagnosis_PID,0
getNextPvId(),8350/3,,null,8350/3 Nonencapsulated sclerosing carcinoma,Clinical_Diagnosis_PID,0
getNextPvId(),8504/2,,null,8504/2 Noninfiltrating intracystic carcinoma,Clinical_Diagnosis_PID,0
getNextPvId(),8503/2,,null,8503/2 Noninfiltrating intraductal papillary adenocarcinoma,Clinical_Diagnosis_PID,0
getNextPvId(),8046/3,,null,8046/3 Non-small cell carcinoma,Clinical_Diagnosis_PID,0
getNextPvId(),Z9989,,null,Not Specified,Clinical_Diagnosis_PID,0
getNextPvId(),8042/3,,null,8042/3 Oat cell carcinoma,Clinical_Diagnosis_PID,0
getNextPvId(),9342/3,,null,9342/3 Odontogenic carcinosarcoma,Clinical_Diagnosis_PID,0
getNextPvId(),9270/3,,null,"9270/3 Odontogenic tumor, malignant",Clinical_Diagnosis_PID,0
getNextPvId(),9521/3,,null,9521/3 Olfactory neurcytoma,Clinical_Diagnosis_PID,0
getNextPvId(),9522/3,,null,9522/3 Olfactory neuroblastoma,Clinical_Diagnosis_PID,0
getNextPvId(),9523/3,,null,9523/3 Olfactory neuroepithelioma,Clinical_Diagnosis_PID,0
getNextPvId(),9520/3,,null,9520/3 Olfactory neurogenic tumor,Clinical_Diagnosis_PID,0
getNextPvId(),9460/3,,null,9460/3 Oligodendroblastoma,Clinical_Diagnosis_PID,0
getNextPvId(),9451/3,,null,"9451/3 Oligodendroglioma, anaplastic",Clinical_Diagnosis_PID,0
getNextPvId(),9450/3,,null,"9450/3 Oligodendroglioma, NOS",Clinical_Diagnosis_PID,0
getNextPvId(),9184/3,,null,9184/3 Osteosarcoma in Paget disease,Clinical_Diagnosis_PID,0
getNextPvId(),9180/3,,null,"9180/3 Osteosarcoma, NOS",Clinical_Diagnosis_PID,0
getNextPvId(),8590/3,,null,"8590/3 Ovarian stromal tumor, mal.",Clinical_Diagnosis_PID,0
getNextPvId(),8290/3,,null,8290/3 Oxyphilic adenocarcinoma,Clinical_Diagnosis_PID,0
getNextPvId(),8290/0,,null,8290/0 Oxyphilic adenoma,Clinical_Diagnosis_PID,0
getNextPvId(),8541/3,,null,8541/3 Paget dis. & infil. duct carcinoma,Clinical_Diagnosis_PID,0
getNextPvId(),8543/3,,null,8543/3 Paget disease and intraductal ca.,Clinical_Diagnosis_PID,0
getNextPvId(),8542/3,,null,"8542/3 Paget disease, extramammary",Clinical_Diagnosis_PID,0
getNextPvId(),8540/3,,null,"8540/3 Paget disease, mammary",Clinical_Diagnosis_PID,0
getNextPvId(),8971/3,,null,8971/3 Pancreatoblastoma,Clinical_Diagnosis_PID,0
getNextPvId(),8260/3,,null,"8260/3 Papillary adenocarcinoma, NOS",Clinical_Diagnosis_PID,0
getNextPvId(),8260/0,,null,"8260/0 Papillary adenoma, NOS",Clinical_Diagnosis_PID,0
getNextPvId(),8050/2,,null,8050/2 Papillary carcinoma in situ,Clinical_Diagnosis_PID,0
getNextPvId(),8344/3,,null,"8344/3 Papillary carcinoma, columnar cell",Clinical_Diagnosis_PID,0
getNextPvId(),8343/3,,null,"8343/3 Papillary carcinoma, encapsulated",Clinical_Diagnosis_PID,0
getNextPvId(),8340/3,,null,"8340/3 Papillary carcinoma, follicular variant",Clinical_Diagnosis_PID,0
getNextPvId(),8050/3,,null,"8050/3 Papillary carcinoma, NOS",Clinical_Diagnosis_PID,0
getNextPvId(),8342/3,,null,"8342/3 Papillary carcinoma, oxyphilic cell",Clinical_Diagnosis_PID,0
getNextPvId(),9352/1,,null,9352/1 Papillary craniopharyngioma,Clinical_Diagnosis_PID,0
getNextPvId(),8450/3,,null,"8450/3 Papillary cystadenocarcinoma, NOS",Clinical_Diagnosis_PID,0
getNextPvId(),8451/1,,null,"8451/1 Papillary cystadenoma, borderline malignancy (C56.9)",Clinical_Diagnosis_PID,0
getNextPvId(),9393/3,,null,9393/3 Papillary ependymoma,Clinical_Diagnosis_PID,0
getNextPvId(),9538/3,,null,9538/3 Papillary meningioma,Clinical_Diagnosis_PID,0
getNextPvId(),8341/3,,null,8341/3 Papillary microcarcinoma,Clinical_Diagnosis_PID,0
getNextPvId(),8471/3,,null,8471/3 Papillary mucinous cystadenocarcinoma,Clinical_Diagnosis_PID,0
getNextPvId(),8473/1,,null,"8473/1 Papillary mucinous cystadenoma, borderline malignancy (C56.9)",Clinical_Diagnosis_PID,0
getNextPvId(),8460/3,,null,8460/3 Papillary serous cystadenocarcinoma,Clinical_Diagnosis_PID,0
getNextPvId(),8052/3,,null,8052/3 Papillary squamous cell carcinoma,Clinical_Diagnosis_PID,0
getNextPvId(),8052/2,,null,"8052/2 Papillary squamous cell carcinoma, non-invasive",Clinical_Diagnosis_PID,0
getNextPvId(),8130/3,,null,8130/3 Papillary trans. cell carcinoma,Clinical_Diagnosis_PID,0
getNextPvId(),8130/2,,null,"8130/2 Papillary trans. cell carcinoma, non-invasive",Clinical_Diagnosis_PID,0
getNextPvId(),8680/3,,null,"8680/3 Paraganglioma, malignant",Clinical_Diagnosis_PID,0
getNextPvId(),8680/1,,null,"8680/1 Paraganglioma, NOS",Clinical_Diagnosis_PID,0
getNextPvId(),8214/3,,null,8214/3 Parietal cell carcinoma,Clinical_Diagnosis_PID,0
getNextPvId(),9192/3,,null,9192/3 Parosteal osteosarcoma,Clinical_Diagnosis_PID,0
getNextPvId(),9571/3,,null,"9571/3 Perineurioma, malignant",Clinical_Diagnosis_PID,0
getNextPvId(),9571/0,,null,"9571/0 Perineurioma, NOS",Clinical_Diagnosis_PID,0
getNextPvId(),8812/3,,null,8812/3 Periosteal fibrosarcoma,Clinical_Diagnosis_PID,0
getNextPvId(),9193/3,,null,9193/3 Periosteal osteosarcoma,Clinical_Diagnosis_PID,0
getNextPvId(),9364/3,,null,9364/3 Peripheral neuroectodermal tumor,Clinical_Diagnosis_PID,0
getNextPvId(),8700/3,,null,8700/3 Pheochromocytoma,Clinical_Diagnosis_PID,0
getNextPvId(),9020/3,,null,"9020/3 Phyllodes tumor, malignant",Clinical_Diagnosis_PID,0
getNextPvId(),8833/3,,null,8833/3 Pigmented dermatofibrosarcoma protuberans,Clinical_Diagnosis_PID,0
getNextPvId(),9421/1,,null,9421/1 Pilocytic astrocytoma,Clinical_Diagnosis_PID,0
getNextPvId(),9421/3,,null,9421/3 Pilocytic astrocytoma,Clinical_Diagnosis_PID,0
getNextPvId(),8110/3,,null,8110/3 Pilomatrix carcinoma,Clinical_Diagnosis_PID,0
getNextPvId(),9360/1,,null,"9360/1 Pinealoma, NOS",Clinical_Diagnosis_PID,0
getNextPvId(),9362/3,,null,9362/3 Pineoblastoma,Clinical_Diagnosis_PID,0
getNextPvId(),9361/1,,null,9361/1 Pineocytoma,Clinical_Diagnosis_PID,0
getNextPvId(),8272/0,,null,"8272/0 Pituitary adenoma, NOS",Clinical_Diagnosis_PID,0
getNextPvId(),8272/3,,null,"8272/3 Pituitary carcinoma, NOS",Clinical_Diagnosis_PID,0
getNextPvId(),9733/3,,null,9733/3 Plasma cell leukemia,Clinical_Diagnosis_PID,0
getNextPvId(),9735/3,,null,9735/3 Plasmablastic lymphoma,Clinical_Diagnosis_PID,0
getNextPvId(),9734/3,,null,"9734/3 Plasmacytoma, extramedullary",Clinical_Diagnosis_PID,0
getNextPvId(),9731/3,,null,"9731/3 Plasmacytoma, NOS",Clinical_Diagnosis_PID,0
getNextPvId(),8022/3,,null,8022/3 Pleomorphic carcinoma,Clinical_Diagnosis_PID,0
getNextPvId(),8854/3,,null,8854/3 Pleomorphic liposarcoma,Clinical_Diagnosis_PID,0
getNextPvId(),8901/3,,null,"8901/3 Pleomorphic rhabdomyosarcoma, adult type",Clinical_Diagnosis_PID,0
getNextPvId(),9424/3,,null,9424/3 Pleomorphic xanthoastrocytoma,Clinical_Diagnosis_PID,0
getNextPvId(),8973/3,,null,8973/3 Pleuropulmonary blastoma,Clinical_Diagnosis_PID,0
getNextPvId(),9550/0,,null,9550/0 Plexiform neurofibroma,Clinical_Diagnosis_PID,0
getNextPvId(),9423/3,,null,9423/3 Polar spongioblastoma,Clinical_Diagnosis_PID,0
getNextPvId(),9950/3,,null,9950/3 Polycythemia vera,Clinical_Diagnosis_PID,0
getNextPvId(),9072/3,,null,9072/3 Polyembryoma,Clinical_Diagnosis_PID,0
getNextPvId(),8034/3,,null,8034/3 Polygonal cell carcinoma,Clinical_Diagnosis_PID,0
getNextPvId(),9971/3,,null,9971/3 Polymorphic PTLD,Clinical_Diagnosis_PID,0
getNextPvId(),8525/3,,null,8525/3 Polymorphous low grade adenocarcinoma,Clinical_Diagnosis_PID,0
getNextPvId(),8741/2,,null,"8741/2 Precancerous melanosis, NOS",Clinical_Diagnosis_PID,0
getNextPvId(),9836/3,,null,9836/3 Precursor B-cell lymphoblastic leukemia,Clinical_Diagnosis_PID,0
getNextPvId(),9728/3,,null,9728/3 Precursor B-cell lymphoblastic lymphoma,Clinical_Diagnosis_PID,0
getNextPvId(),9835/3,,null,"9835/3 Precursor cell lymphoblastic leukemia, NOS",Clinical_Diagnosis_PID,0
getNextPvId(),9727/3,,null,"9727/3 Precursor cell lymphoblastic lymphoma, NOS",Clinical_Diagnosis_PID,0
getNextPvId(),9729/3,,null,9729/3 Precursor T-cell lymphoblastic lymphoma,Clinical_Diagnosis_PID,0
getNextPvId(),9718/3,,null,9718/3 Primary cutan. CD30+ T-cell lymphoprolif. disorder,Clinical_Diagnosis_PID,0
getNextPvId(),9597/3,,null,9597/3 Primary Cutaneous follicle centre lymphoma,Clinical_Diagnosis_PID,0
getNextPvId(),9726/3,,null,9726/3 Primary Cutaneous gamma-delta T-cell lymphoma,Clinical_Diagnosis_PID,0
getNextPvId(),9678/3,,null,9678/3 Primary effusion lymphoma,Clinical_Diagnosis_PID,0
getNextPvId(),9473/3,,null,9473/3 Primitive neuroectodermal tumor,Clinical_Diagnosis_PID,0
getNextPvId(),8271/0,,null,8271/0 Prolactinoma,Clinical_Diagnosis_PID,0
getNextPvId(),9833/3,,null,"9833/3 Prolymphocytic leukemia, B-cell type",Clinical_Diagnosis_PID,0
getNextPvId(),9832/3,,null,"9832/3 Prolymphocytic leukemia, NOS",Clinical_Diagnosis_PID,0
getNextPvId(),9834/3,,null,"9834/3 Prolymphocytic leukemia, T-cell type",Clinical_Diagnosis_PID,0
getNextPvId(),9410/3,,null,9410/3 Protoplasmic astrocytoma,Clinical_Diagnosis_PID,0
getNextPvId(),9533/0,,null,9533/0 Psammomatous meningioma,Clinical_Diagnosis_PID,0
getNextPvId(),8033/3,,null,8033/3 Pseudosarcomatous carcinoma,Clinical_Diagnosis_PID,0
getNextPvId(),8972/3,,null,8972/3 Pulmonary blastoma,Clinical_Diagnosis_PID,0
getNextPvId(),8080/2,,null,8080/2 Queyrat erythroplasia,Clinical_Diagnosis_PID,0
getNextPvId(),9984/3,,null,9984/3 Refract. anemia with excess blasts in transformation,Clinical_Diagnosis_PID,0
getNextPvId(),9980/3,,null,9980/3 Refractory anemia,Clinical_Diagnosis_PID,0
getNextPvId(),9983/3,,null,9983/3 Refractory anemia with excess blasts,Clinical_Diagnosis_PID,0
getNextPvId(),9982/3,,null,9982/3 Refractory anemia with sideroblasts,Clinical_Diagnosis_PID,0
getNextPvId(),9985/3,,null,9985/3 Refractory cytopenia with multilineage dysplasia,Clinical_Diagnosis_PID,0
getNextPvId(),9991/3,,null,9991/3 Refractory neutropenia,Clinical_Diagnosis_PID,0
getNextPvId(),9992/3,,null,9992/3 Refractory thrombocytopenia,Clinical_Diagnosis_PID,0
getNextPvId(),8312/3,,null,8312/3 Renal cell carcinoma,Clinical_Diagnosis_PID,0
getNextPvId(),8317/3,,null,"8317/3 Renal cell carcinoma, chromophobe type",Clinical_Diagnosis_PID,0
getNextPvId(),8318/3,,null,"8318/3 Renal cell carcinoma, sarcomatoid",Clinical_Diagnosis_PID,0
getNextPvId(),9511/3,,null,"9511/3 Retinoblastoma, differentiated",Clinical_Diagnosis_PID,0
getNextPvId(),9513/3,,null,"9513/3 Retinoblastoma, diffuse",Clinical_Diagnosis_PID,0
getNextPvId(),9510/3,,null,"9510/3 Retinoblastoma, NOS",Clinical_Diagnosis_PID,0
getNextPvId(),9512/3,,null,"9512/3 Retinoblastoma, undifferentiated",Clinical_Diagnosis_PID,0
getNextPvId(),8900/0,,null,"8900/0 Rhabdomyoma, NOS",Clinical_Diagnosis_PID,0
getNextPvId(),8921/3,,null,8921/3 Rhabdomyosarcoma with ganglionic differentiation,Clinical_Diagnosis_PID,0
getNextPvId(),8900/3,,null,"8900/3 Rhabdomyosarcoma, NOS",Clinical_Diagnosis_PID,0
getNextPvId(),8853/3,,null,8853/3 Round cell liposarcoma,Clinical_Diagnosis_PID,0
getNextPvId(),8800/3,,null,"8800/3 Sarcoma, NOS",Clinical_Diagnosis_PID,0
getNextPvId(),8121/3,,null,8121/3 Schneiderian carcinoma,Clinical_Diagnosis_PID,0
getNextPvId(),8141/3,,null,8141/3 Scirrhous adenocarcinoma,Clinical_Diagnosis_PID,0
getNextPvId(),8407/3,,null,8407/3 Sclerosing sweat duct carcinoma,Clinical_Diagnosis_PID,0
getNextPvId(),8410/3,,null,8410/3 Sebaceous adenocarcinoma,Clinical_Diagnosis_PID,0
getNextPvId(),8502/3,,null,8502/3 Secretory carcinoma of breast,Clinical_Diagnosis_PID,0
getNextPvId(),9062/3,,null,"9062/3 Seminoma, anaplastic",Clinical_Diagnosis_PID,0
getNextPvId(),9061/3,,null,"9061/3 Seminoma, NOS",Clinical_Diagnosis_PID,0
getNextPvId(),9014/3,,null,9014/3 Serous adenocarcinofibroma,Clinical_Diagnosis_PID,0
getNextPvId(),8441/3,,null,"8441/3 Serous cystadenocarcinoma, NOS",Clinical_Diagnosis_PID,0
getNextPvId(),8442/1,,null,"8442/1 Serous cystadenoma, borderline malignancy (C56.9)",Clinical_Diagnosis_PID,0
getNextPvId(),8462/1,,null,8462/1 Serous papillary cystic tumor of borderline malignancy (C56.9),Clinical_Diagnosis_PID,0
getNextPvId(),8461/3,,null,8461/3 Serous surface papillary carcinoma,Clinical_Diagnosis_PID,0
getNextPvId(),8640/3,,null,8640/3 Sertoli cell carcinoma,Clinical_Diagnosis_PID,0
getNextPvId(),8631/3,,null,"8631/3 Sertoli-Leydig cell tumor, poorly differentiated",Clinical_Diagnosis_PID,0
getNextPvId(),8634/3,,null,"8634/3 Sertoli-Leydig cl tum., p.d. w heterologous elements",Clinical_Diagnosis_PID,0
getNextPvId(),9701/3,,null,9701/3 Sezary syndrome,Clinical_Diagnosis_PID,0
getNextPvId(),8490/3,,null,8490/3 Signet ring cell carcinoma,Clinical_Diagnosis_PID,0
getNextPvId(),8390/3,,null,8390/3 Skin appendage carcinoma,Clinical_Diagnosis_PID,0
getNextPvId(),8043/3,,null,"8043/3 Small cell carcinoma, fusiform cell",Clinical_Diagnosis_PID,0
getNextPvId(),8044/3,,null,"8044/3 Small cell carcinoma, intermediate cell",Clinical_Diagnosis_PID,0
getNextPvId(),8041/3,,null,"8041/3 Small cell carcinoma, NOS",Clinical_Diagnosis_PID,0
getNextPvId(),9185/3,,null,9185/3 Small cell osteosarcoma,Clinical_Diagnosis_PID,0
getNextPvId(),8803/3,,null,8803/3 Small cell sarcoma,Clinical_Diagnosis_PID,0
getNextPvId(),8897/1,,null,"8897/1 Smooth muscle tumor, NOS",Clinical_Diagnosis_PID,0
getNextPvId(),8800/0,,null,"8800/0 Soft tissue tumor, benign",Clinical_Diagnosis_PID,0
getNextPvId(),8230/3,,null,"8230/3 Solid carcinoma, NOS",Clinical_Diagnosis_PID,0
getNextPvId(),8452/3,,null,8452/3 Solid pseudopapillary carcinoma,Clinical_Diagnosis_PID,0
getNextPvId(),8815/0,,null,8815/0 Solitary fibrous tumor,Clinical_Diagnosis_PID,0
getNextPvId(),8815/3,,null,"8815/3 Solitary fibrous tumor, malignant",Clinical_Diagnosis_PID,0
getNextPvId(),8156/3,,null,"8156/3 Somatostatinoma, malignant",Clinical_Diagnosis_PID,0
getNextPvId(),9063/3,,null,9063/3 Spermatocytic seminoma,Clinical_Diagnosis_PID,0
getNextPvId(),8032/3,,null,8032/3 Spindle cell carcinoma,Clinical_Diagnosis_PID,0
getNextPvId(),8772/3,,null,"8772/3 Spindle cell melanoma, NOS",Clinical_Diagnosis_PID,0
getNextPvId(),8773/3,,null,"8773/3 Spindle cell melanoma, type A",Clinical_Diagnosis_PID,0
getNextPvId(),8774/3,,null,"8774/3 Spindle cell melanoma, type B",Clinical_Diagnosis_PID,0
getNextPvId(),8912/3,,null,8912/3 Spindle cell rhabdomyosarcoma,Clinical_Diagnosis_PID,0
getNextPvId(),8801/3,,null,8801/3 Spindle cell sarcoma,Clinical_Diagnosis_PID,0
getNextPvId(),8588/3,,null,8588/3 Spindle epithelial tumor with thymus-like element,Clinical_Diagnosis_PID,0
getNextPvId(),9689/3,,null,9689/3 Splenic marginal zone B-cell lymphoma,Clinical_Diagnosis_PID,0
getNextPvId(),9504/3,,null,9504/3 Spongioneuroblastoma,Clinical_Diagnosis_PID,0
getNextPvId(),8076/2,,null,8076/2 Sq. cell carc. in situ with question. stromal invas.,Clinical_Diagnosis_PID,0
getNextPvId(),8071/3,,null,"8071/3 Sq. cell carcinoma, keratinizing, NOS",Clinical_Diagnosis_PID,0
getNextPvId(),8071/2,,null,"8071/2 Sq. cell carcinoma, keratinizing, NOS, in situ",Clinical_Diagnosis_PID,0
getNextPvId(),8072/3,,null,"8072/3 Sq. cell carcinoma, lg. cell, non-ker.",Clinical_Diagnosis_PID,0
getNextPvId(),8072/2,,null,"8072/2 Sq. cell carcinoma, lg. cell, non-ker., in situ",Clinical_Diagnosis_PID,0
getNextPvId(),8076/3,,null,"8076/3 Sq. cell carcinoma, micro-invasive",Clinical_Diagnosis_PID,0
getNextPvId(),8073/3,,null,"8073/3 Sq. cell carcinoma, sm. cell, non-ker.",Clinical_Diagnosis_PID,0
getNextPvId(),8074/3,,null,"8074/3 Sq. cell carcinoma, spindle cell",Clinical_Diagnosis_PID,0
getNextPvId(),8070/2,,null,"8070/2 Squamous cell carcinoma in situ, NOS",Clinical_Diagnosis_PID,0
getNextPvId(),8078/3,,null,8078/3 Squamous cell carcinoma with horn formation,Clinical_Diagnosis_PID,0
getNextPvId(),8075/3,,null,"8075/3 Squamous cell carcinoma, adenoid",Clinical_Diagnosis_PID,0
getNextPvId(),8084/3,,null,"8084/3 Squamous cell carcinoma, clear cell type",Clinical_Diagnosis_PID,0
getNextPvId(),8070/3,,null,"8070/3 Squamous cell carcinoma, NOS",Clinical_Diagnosis_PID,0
getNextPvId(),8077/2,,null,"8077/2 Squamous intraepithelial neoplasia, grade III",Clinical_Diagnosis_PID,0
getNextPvId(),8670/3,,null,"8670/3 Steroid cell tumor, malignant",Clinical_Diagnosis_PID,0
getNextPvId(),8935/3,,null,"8935/3 Stromal sarcoma, NOS",Clinical_Diagnosis_PID,0
getNextPvId(),9090/3,,null,"9090/3 Struma ovarii, malignant",Clinical_Diagnosis_PID,0
getNextPvId(),9708/3,,null,9708/3 Subcutaneous panniculitis-like T-cell lymphoma,Clinical_Diagnosis_PID,0
getNextPvId(),9383/1,,null,9383/1 Subependymoma,Clinical_Diagnosis_PID,0
getNextPvId(),9384/1,,null,9384/1 Supependymal giant cell astrocytoma,Clinical_Diagnosis_PID,0
getNextPvId(),8143/3,,null,8143/3 Superficial spreading adenocarcinoma,Clinical_Diagnosis_PID,0
getNextPvId(),8743/3,,null,8743/3 Superficial spreading melanoma,Clinical_Diagnosis_PID,0
getNextPvId(),8743/2,,null,"8743/2 Superficial spreading melanoma, in situ",Clinical_Diagnosis_PID,0
getNextPvId(),8400/3,,null,8400/3 Sweat gland adenocarcinoma,Clinical_Diagnosis_PID,0
getNextPvId(),9043/3,,null,"9043/3 Synovial sarcoma, biphasic",Clinical_Diagnosis_PID,0
getNextPvId(),9042/3,,null,"9042/3 Synovial sarcoma, epithelioid cell",Clinical_Diagnosis_PID,0
getNextPvId(),9040/3,,null,"9040/3 Synovial sarcoma, NOS",Clinical_Diagnosis_PID,0
getNextPvId(),9041/3,,null,"9041/3 Synovial sarcoma, spindle cell",Clinical_Diagnosis_PID,0
getNextPvId(),9724/3,,null,9724/3 SystemicEBV pos. T-cell lymphoproliferative disease of childhood,Clinical_Diagnosis_PID,0
getNextPvId(),9837/3,,null,9837/3 T lymphoblastic leukemia/lymphoma,Clinical_Diagnosis_PID,0
getNextPvId(),9688/3,,null,9688/3 T-cell histiocyte rich large B-cell lymphoma,Clinical_Diagnosis_PID,0
getNextPvId(),9831/3,,null,9831/3 T-cell large granular lymphocytic leukemia,Clinical_Diagnosis_PID,0
getNextPvId(),9183/3,,null,9183/3 Telangiectatic osteosarcoma,Clinical_Diagnosis_PID,0
getNextPvId(),9081/3,,null,9081/3 Teratocarcinoma,Clinical_Diagnosis_PID,0
getNextPvId(),9502/3,,null,9502/3 Teratoid medulloepithelioma,Clinical_Diagnosis_PID,0
getNextPvId(),9084/3,,null,9084/3 Teratoma with malig. transformation,Clinical_Diagnosis_PID,0
getNextPvId(),9080/0,,null,"9080/0 Teratoma, benign",Clinical_Diagnosis_PID,0
getNextPvId(),9080/3,,null,"9080/3 Teratoma, malignant, NOS",Clinical_Diagnosis_PID,0
getNextPvId(),9080/1,,null,"9080/1 Teratoma, NOS",Clinical_Diagnosis_PID,0
getNextPvId(),8600/3,,null,"8600/3 Thecoma, malignant",Clinical_Diagnosis_PID,0
getNextPvId(),9920/3,,null,"9920/3 Therapy-related acute myeloid leukemia, NOS",Clinical_Diagnosis_PID,0
getNextPvId(),9987/3,,null,"9987/3 Therapy-related myelodysplastic syndrome, NOS",Clinical_Diagnosis_PID,0
getNextPvId(),8586/3,,null,"8586/3 Thymic carcinoma, NOS",Clinical_Diagnosis_PID,0
getNextPvId(),8580/3,,null,"8580/3 Thymoma, malignant, NOS",Clinical_Diagnosis_PID,0
getNextPvId(),8581/3,,null,"8581/3 Thymoma, type A, malignant",Clinical_Diagnosis_PID,0
getNextPvId(),8582/3,,null,"8582/3 Thymoma, type AB, malignant",Clinical_Diagnosis_PID,0
getNextPvId(),8583/3,,null,"8583/3 Thymoma, type B1, malignant",Clinical_Diagnosis_PID,0
getNextPvId(),8584/3,,null,"8584/3 Thymoma, type B2, malignant",Clinical_Diagnosis_PID,0
getNextPvId(),8585/3,,null,"8585/3 Thymoma, type B3, malignant",Clinical_Diagnosis_PID,0
getNextPvId(),8190/3,,null,8190/3 Trabecular adenocarcinoma,Clinical_Diagnosis_PID,0
getNextPvId(),8122/3,,null,"8122/3 Trans. cell carcinoma, spindle cell",Clinical_Diagnosis_PID,0
getNextPvId(),8120/2,,null,8120/2 Transitional cell carcinoma in situ,Clinical_Diagnosis_PID,0
getNextPvId(),8131/3,,null,"8131/3 Transitional cell carcinoma, micropapillary",Clinical_Diagnosis_PID,0
getNextPvId(),8120/3,,null,"8120/3 Transitional cell carcinoma, NOS",Clinical_Diagnosis_PID,0
getNextPvId(),9537/0,,null,9537/0 Transitional meningioma,Clinical_Diagnosis_PID,0
getNextPvId(),8102/3,,null,8102/3 Trichilemmocarcinoma,Clinical_Diagnosis_PID,0
getNextPvId(),9105/3,,null,"9105/3 Trophoblastic tumor, epithelioid",Clinical_Diagnosis_PID,0
getNextPvId(),8211/3,,null,8211/3 Tubular adenocarcinoma,Clinical_Diagnosis_PID,0
getNextPvId(),8001/0,,null,"8001/0 Tumor cells, benign",Clinical_Diagnosis_PID,0
getNextPvId(),8001/3,,null,"8001/3 Tumor cells, malignant",Clinical_Diagnosis_PID,0
getNextPvId(),8001/1,,null,"8001/1 Tumor cells, uncertain whether benign or malignant",Clinical_Diagnosis_PID,0
getNextPvId(),8805/3,,null,8805/3 Undifferentiated sarcoma,Clinical_Diagnosis_PID,0
getNextPvId(),9122/0,,null,9122/0 Venous hemangioma,Clinical_Diagnosis_PID,0
getNextPvId(),8051/3,,null,"8051/3 Verrucous carcinoma, NOS",Clinical_Diagnosis_PID,0
getNextPvId(),8262/3,,null,8262/3 Villous adenocarcinoma,Clinical_Diagnosis_PID,0
getNextPvId(),8155/3,,null,8155/3 Vipoma,Clinical_Diagnosis_PID,0
getNextPvId(),9761/3,,null,9761/3 Waldenstrom macroglobulinemia,Clinical_Diagnosis_PID,0
getNextPvId(),8561/3,,null,"8561/3 Warthin tumor, malignant",Clinical_Diagnosis_PID,0
getNextPvId(),8322/3,,null,8322/3 Water-clear cell adenocarcinoma,Clinical_Diagnosis_PID,0
getNextPvId(),9071/3,,null,9071/3 Yolk sac tumor,Clinical_Diagnosis_PID,0
getNextPvId(),Z08,,null,Z08 Follow-up examination after treatment for malignant neoplasm,Clinical_Diagnosis_PID,0
getNextPvId(),Z40.0,,null,Z40.0 Prophylactic surgery for risk-factors related to malignant neoplasms,Clinical_Diagnosis_PID,0
getNextPvId(),Z41.1,,null,Z41.1 Other plastic surgery for unacceptable cosmetic appearance,Clinical_Diagnosis_PID,0
getNextPvId(),Z51,,null,"Z51 Non-malignant diagnosis, no history of cancer (Other Medical Care)",Clinical_Diagnosis_PID,0
getNextPvId(),Z85,,null,Z85 Personal history of malignant neoplasm,Clinical_Diagnosis_PID,0
getNextPvId(),8000/6,,null,"8000/6 Neoplasm, metastatic",Clinical_Diagnosis_PID,0
getNextPvId(),,,null,Tumour,2003993,0
getNextPvId(),,,null,Adjacent normal,2003993,0
getNextPvId(),,,null,Clinically normal,2003993,0
getNextPvId(),,,null,Benign,2003993,0
getNextPvId(),,,null,Not Specified,2003993,0
getNextPvId(),,,null,Primary,2003988,0
getNextPvId(),,,null,Metastasis (Secondary),2003988,0
getNextPvId(),,,null,Recurrence,2003988,0
getNextPvId(),,,null,Not Specified,2003988,0
getNextPvId(),,,null,Transformation,2003988,0
getNextPvId(),,,null,Remission,2003988,0
getNextPvId(),,,null,Clinically normal,2003988,0
getNextPvId(),,,null,Alive,2004001,0
getNextPvId(),,,null,Deceased,2004001,0
getNextPvId(),,,null,Unknown,2004001,0
getNextPvId(),,,null,Male,2003989,0
getNextPvId(),,,null,Female,2003989,0
getNextPvId(),,,null,Unknown,2003989,0
