{"id":null,"title":"Show details of participant having both fixed tissue block and DNA specimens","createdBy":null,"lastUpdatedBy":null,"lastUpdated":null,"cpId":-1,"drivingForm":null,"filters":[{"id":1,"field":"Participant.id","op":"EXISTS","values":[null],"expr":null,"desc":null,"parameterized":false},{"id":2,"field":"SpecimenCollectionGroup.name","op":"EXISTS","values":[null],"expr":null,"desc":null,"parameterized":false},{"id":3,"field":"Specimen.type","op":"EQ","values":["Fixed Tissue Block"],"expr":null,"desc":null,"parameterized":true},{"id":4,"field":"SpecimenCollectionGroup.name","op":"EXISTS","values":[null],"expr":null,"desc":null,"parameterized":false},{"id":5,"field":"Specimen.type","op":"EQ","values":["DNA"],"expr":null,"desc":null,"parameterized":true}],"queryExpression":[{"nodeType":"FILTER","value":1.0},{"nodeType":"OPERATOR","value":"AND"},{"nodeType":"PARENTHESIS","value":"LEFT"},{"nodeType":"FILTER","value":2.0},{"nodeType":"OPERATOR","value":"AND"},{"nodeType":"FILTER","value":3.0},{"nodeType":"PARENTHESIS","value":"RIGHT"},{"nodeType":"OPERATOR","value":"PAND"},{"nodeType":"PARENTHESIS","value":"LEFT"},{"nodeType":"FILTER","value":4.0},{"nodeType":"OPERATOR","value":"AND"},{"nodeType":"FILTER","value":5.0},{"nodeType":"PARENTHESIS","value":"RIGHT"}],"selectList":["CollectionProtocol.Title","Participant.ppid","Participant.gender","Participant.medicalRecord.medicalRecordNumber","Participant.medicalRecord.mrnSiteName","Participant.race","SpecimenCollectionGroup.name","SpecimenCollectionGroup.clinicalDiagnosis","SpecimenCollectionGroup.site.name","Specimen.label","Specimen.extensions.SpecimenCollectionEvent.time","Specimen.class","Specimen.type","Specimen.specimenPosition.containerName","Specimen.specimenPosition.positionDimensionOneString","Specimen.specimenPosition.positionDimensionTwoString","Specimen.pathologicalStatus","Specimen.tissueSite","Specimen.availableQty"],"reporting":{"type":"none","params":{}},"folders":null,"wideRowMode":"DEEP","deletedOn":null}