{"id":null,"title":"Show details of participant having DNA derived from Tumor Breast Frozen Tissue","createdBy":null,"lastUpdatedBy":null,"lastUpdated":null,"cpId":-1,"drivingForm":null,"filters":[{"id":1,"field":"Specimen.type","op":"EQ","values":["Frozen Tissue"],"expr":null,"desc":null,"parameterized":true},{"id":2,"field":"Specimen.collectionStatus","op":"EQ","values":["Collected"],"expr":null,"desc":null,"parameterized":false},{"id":3,"field":"Specimen.tissueSite","op":"EQ","values":["Breast, NOS"],"expr":null,"desc":null,"parameterized":true},{"id":4,"field":"Specimen.type","op":"EQ","values":["DNA"],"expr":null,"desc":null,"parameterized":true},{"id":5,"field":"Specimen.collectionStatus","op":"EQ","values":["Collected"],"expr":null,"desc":null,"parameterized":false},{"id":6,"field":"Specimen.pathologicalStatus","op":"IN","values":["Malignant","Malignant, Invasive","Malignant, Pre-Invasive","Metastatic","Pre-Malignant"],"expr":null,"desc":null,"parameterized":true}],"queryExpression":[{"nodeType":"FILTER","value":1.0},{"nodeType":"OPERATOR","value":"AND"},{"nodeType":"FILTER","value":2.0},{"nodeType":"OPERATOR","value":"AND"},{"nodeType":"FILTER","value":3.0},{"nodeType":"OPERATOR","value":"AND"},{"nodeType":"FILTER","value":6.0},{"nodeType":"OPERATOR","value":"AND"},{"nodeType":"OPERATOR","value":"NTHCHILD"},{"nodeType":"PARENTHESIS","value":"LEFT"},{"nodeType":"FILTER","value":4.0},{"nodeType":"OPERATOR","value":"AND"},{"nodeType":"FILTER","value":5.0},{"nodeType":"PARENTHESIS","value":"RIGHT"}],"selectList":["CollectionProtocol.Title","Participant.ppid","Participant.gender","Participant.medicalRecord.medicalRecordNumber","Participant.medicalRecord.mrnSiteName","Participant.race","SpecimenCollectionGroup.name","SpecimenCollectionGroup.clinicalDiagnosis","SpecimenCollectionGroup.site.name","Specimen.label","Specimen.extensions.SpecimenCollectionEvent.time","Specimen.class","Specimen.type","Specimen.specimenPosition.containerName","Specimen.specimenPosition.positionDimensionOneString","Specimen.specimenPosition.positionDimensionTwoString","Specimen.pathologicalStatus","Specimen.tissueSite","Specimen.availableQty"],"reporting":{"type":"none","params":{}},"folders":null,"wideRowMode":"DEEP","deletedOn":null}