{"id":null,"title":"Show specimens stored in a Container","createdBy":null,"lastUpdatedBy":null,"lastUpdated":null,"cpId":-1,"drivingForm":null,"filters":[{"id":3,"field":"Specimen.collectionStatus","op":"EQ","values":["Collected"],"expr":null,"desc":null,"parameterized":false},{"id":7,"field":"Specimen.specimenPosition.containerName","op":"EXISTS","values":[null],"expr":null,"desc":null,"parameterized":true}],"queryExpression":[{"nodeType":"FILTER","value":3.0},{"nodeType":"OPERATOR","value":"AND"},{"nodeType":"FILTER","value":7.0}],"selectList":["CollectionProtocol.Title","Participant.ppid","Participant.gender","Participant.medicalRecord.medicalRecordNumber","Participant.medicalRecord.mrnSiteName","Participant.race","SpecimenCollectionGroup.name","SpecimenCollectionGroup.clinicalDiagnosis","SpecimenCollectionGroup.site.name","Specimen.label","Specimen.extensions.SpecimenCollectionEvent.time","Specimen.class","Specimen.type","Specimen.specimenPosition.containerName","Specimen.specimenPosition.positionDimensionOneString","Specimen.specimenPosition.positionDimensionTwoString","Specimen.pathologicalStatus","Specimen.tissueSite","Specimen.availableQty"],"reporting":{"type":"none","params":{}},"folders":null,"wideRowMode":"DEEP","deletedOn":null}