<?xml version="1.0" encoding="UTF-8"?>
<beans xmlns="http://www.springframework.org/schema/beans"
  xmlns:xsi="http://www.w3.org/2001/XMLSchema-instance"
  xmlns:context="http://www.springframework.org/schema/context"
  xmlns:util="http://www.springframework.org/schema/util"
  xmlns:tx="http://www.springframework.org/schema/tx"
  xmlns:aop="http://www.springframework.org/schema/aop"
  xmlns:mvc="http://www.springframework.org/schema/mvc"
  xsi:schemaLocation="http://www.springframework.org/schema/beans 
    http://www.springframework.org/schema/beans/spring-beans-3.2.xsd
    http://www.springframework.org/schema/tx
    http://www.springframework.org/schema/tx/spring-tx-3.2.xsd
    http://www.springframework.org/schema/aop 
    http://www.springframework.org/schema/aop/spring-aop-3.2.xsd
    http://www.springframework.org/schema/context 
    http://www.springframework.org/schema/context/spring-context-3.2.xsd
    http://www.springframework.org/schema/mvc http://www.springframework.org/schema/mvc/spring-mvc.xsd">

  <bean id="uoa-liquibase" class="liquibase.integration.spring.SpringLiquibase">
    <property name="dataSource" ref="dataSource"/>
    <property name="changeLog" value="classpath:com/krishagni/openspecimen/uoa/3.1/db-changelog.xml" />
  </bean>

  <bean id="uoaObjectSchemaLoader" class="com.krishagni.catissueplus.core.importer.services.impl.ObjectSchemaLoader">
    <property name="objectSchemaFactory" ref="objectSchemaFactory"/>
    <property name="schemaResources">
      <list>
        <value>com/krishagni/openspecimen/uoa/biospecimen/schema/participant.xml</value>
        <value>com/krishagni/openspecimen/uoa/biospecimen/schema/cpr.xml</value>
      </list>
    </property>
  </bean>

  <bean id="pluginInitializer" class="com.krishagni.openspecimen.uoa.print.PluginInitializer">
    <property name="specimenPrintLabelTokensRegistrar" ref="specimenPrintLabelTokensRegistrar"/>
  </bean>

</beans>
