{"id":null,"title":"Report of count of specimens by protocol, type and tissue site","createdBy":null,"lastUpdatedBy":null,"lastUpdated":null,"cpId":-1,"drivingForm":null,"filters":[{"id":1,"field":"Specimen.collectionStatus","op":"EQ","values":["Collected"],"expr":null,"desc":null,"parameterized":false},{"id":2,"field":"CollectionProtocol.Title","op":"EXISTS","values":[null],"expr":null,"desc":null,"parameterized":true}],"queryExpression":[{"nodeType":"FILTER","value":1.0},{"nodeType":"OPERATOR","value":"AND"},{"nodeType":"FILTER","value":2.0}],"selectList":[{"name":"CollectionProtocol.Title","aggFns":null},{"name":"Specimen.id","aggFns":[{"name":"count","desc":"Identifier Count"}]},{"name":"Specimen.type","aggFns":null},{"name":"Specimen.tissueSite","aggFns":null}],"reporting":{"type":"crosstab","params":{"groupRowsBy":[{"id":"CollectionProtocol.Title","name":"CollectionProtocol.Title","value":"Title"},{"id":"Specimen.type","name":"Specimen.type","value":"Type"}],"groupColBy":{"id":"Specimen.tissueSite","name":"Specimen.tissueSite","value":"Tissue Site"},"summaryFields":[{"id":"Specimen.id$count","name":"Specimen.id","value":"Identifier Count","aggFn":"count"}]}},"folders":null,"wideRowMode":"DEEP","deletedOn":null}