{"id":null,"title":"Show details of tissue specimen having frozen event","createdBy":null,"lastUpdatedBy":null,"lastUpdated":null,"cpId":null,"drivingForm":null,"filters":[{"id":1,"field":"Specimen.collectionStatus","op":"EQ","values":["Collected"],"expr":null,"desc":null,"parameterized":false},{"id":2,"field":"Specimen.type","op":"EXISTS","values":[null],"expr":null,"desc":null,"parameterized":true},{"id":3,"field":"Specimen.extensions.SpecimenFrozenEvent.time","op":"EXISTS","values":[null],"expr":null,"desc":null,"parameterized":true},{"id":4,"field":"Specimen.class","op":"EQ","values":["Tissue"],"expr":null,"desc":null,"parameterized":false}],"queryExpression":[{"nodeType":"FILTER","value":1},{"nodeType":"OPERATOR","value":"AND"},{"nodeType":"FILTER","value":2},{"nodeType":"OPERATOR","value":"AND"},{"nodeType":"FILTER","value":3},{"nodeType":"OPERATOR","value":"AND"},{"nodeType":"FILTER","value":4}],"selectList":["CollectionProtocol.Title","Participant.ppid","Participant.gender","Participant.deathDate","Participant.medicalRecord.medicalRecordNumber","Participant.medicalRecord.mrnSiteName","SpecimenCollectionGroup.name","SpecimenCollectionGroup.site.name","SpecimenCollectionGroup.clinicalDiagnosis","Specimen.label","Specimen.class","Specimen.type","Specimen.tissueSite","Specimen.availableQty","Specimen.specimenPosition.containerName","Specimen.specimenPosition.positionDimensionOneString","Specimen.specimenPosition.positionDimensionTwoString","Specimen.extensions.SpecimenFrozenEvent.frozenMethod","Specimen.extensions.SpecimenFrozenEvent.user","Specimen.extensions.SpecimenFrozenEvent.time","Specimen.extensions.SpecimenFrozenEvent.comments"],"reporting":{"type":"none","params":{}},"folders":null,"wideRowMode":"DEEP","deletedOn":null}