<?xml version="1.0" encoding="UTF-8"?>
<databaseChangeLog 
  xmlns="http://www.liquibase.org/xml/ns/dbchangelog"
  xmlns:xsi="http://www.w3.org/2001/XMLSchema-instance"
  xsi:schemaLocation="http://www.liquibase.org/xml/ns/dbchangelog
  http://www.liquibase.org/xml/ns/dbchangelog/dbchangelog-3.1.xsd">

  <changeSet author="nmarwaha" id="Adding JHU specific configuration parameters">
    <sql>
      insert into os_modules
        (identifier, name, description)
      values 
        (default, 'plugin_jhu_epic', 'JHU-EPIC custom module plugin');
    </sql>
    
    <sql>
      call add_cfg_prop(
        'plugin_jhu_epic', 'epic_base_url', 
        'epic_base_url', 'epic_base_url_desc', 
        'STRING', ''
      );
    </sql>
    
    <sql>
      call add_cfg_prop(
        'plugin_jhu_epic', 'epic_client_id', 
        'epic_client_id', 'epic_client_id_desc', 
        'STRING', ''
      );
    </sql>
    
    <sql>
      call add_secured_cfg_prop(
        'plugin_jhu_epic', 'epic_client_secret', 
        'epic_client_secret', 'epic_client_secret_desc', 
        'STRING', ''
      );
    </sql>
  </changeSet>
</databaseChangeLog>
