<?xml version='1.0' encoding='utf-8'?>
<!DOCTYPE hibernate-mapping PUBLIC
    "-//Hibernate/Hibernate Mapping DTD 3.0//EN"
    "http://hibernate.sourceforge.net/hibernate-mapping-3.0.dtd">

<hibernate-mapping>
  <class 
    name="com.krishagni.catissueplus.core.common.domain.KeySequence"
    table="KEY_SEQ_GENERATOR"
    lazy="true">
		
    <id name="id" column="IDENTIFIER">
      <generator class="native">
        <param name="sequence">KEY_GENERATOR_SEQ</param>
      </generator>
    </id>
		 
    <property name="type" column="KEY_TYPE"/>

    <property name="typeId" column="KEY_VALUE"/>

    <property name="sequence" column="KEY_SEQUENCE_ID"/>

    <query name="getByTypeAndTypeId">
      select 
        ks
      from
        com.krishagni.catissueplus.core.common.domain.KeySequence ks
      where
        ks.type = :type and
        ks.typeId = :typeId
    </query>
  </class>      
</hibernate-mapping>
