<?xml version='1.0' encoding='utf-8'?>
<!DOCTYPE hibernate-mapping PUBLIC
    "-//Hibernate/Hibernate Mapping DTD 3.0//EN"
    "http://hibernate.sourceforge.net/hibernate-mapping-3.0.dtd">

<hibernate-mapping>
  <class 
    name="com.krishagni.rbac.domain.Operation" 
    table="RBAC_OPERATIONS">

    <id name="id" column="IDENTIFIER">
      <generator class="native">
        <param name="sequence">RBAC_OPERATIONS_SEQ</param>
      </generator>
    </id>

    <property name="name" column="NAME"/>
    
    <query name="getOperationByName">
      from Operation o where o.name =:name
    </query>
    
    <query name="getAllOperations">
      from Operation
    </query>
  </class> 
</hibernate-mapping>
