<?xml version='1.0' encoding='utf-8'?>
<!DOCTYPE hibernate-mapping PUBLIC
    "-//Hibernate/Hibernate Mapping DTD 3.0//EN"
    "http://hibernate.sourceforge.net/hibernate-mapping-3.0.dtd">

<hibernate-mapping>
  <class 
    name="com.krishagni.rbac.domain.ResourceInstanceOp" 
    table="RBAC_ROLE_ACCESS_LIST_OPS">

    <id name="id" column="IDENTIFIER">
      <generator class="native">
        <param name="sequence">RBAC_ACL_OPS_SEQ</param>
      </generator>
    </id>
    
    <property name="resourceInstanceId" column="RES_OBJ_ID"/>
    
    <many-to-one
      name="operation"
      class="com.krishagni.rbac.domain.Operation"
      cascade="none"
      column="OPERATION_ID"/>
    
    <many-to-one
      name="roleAccessControl"
      class="com.krishagni.rbac.domain.RoleAccessControl"
      cascade="none"
      column="ACL_ID"/>
    
  </class>
</hibernate-mapping> 
 
