#macro(getMessage $code)$messageSource.getMessage($code, null, $locale)#end

<object-schema>
  <name>cprMultiple</name>

  <record>
    <name>com.krishagni.catissueplus.core.biospecimen.events.ParticipantRegistrationsList</name>

    <record>
      <caption>#getMessage("participant_cpr")</caption>
      <attribute>registrations</attribute>
      <multiple>true</multiple>

      <field>
        <caption>#getMessage("participant_cp_short_title")</caption>
        <attribute>cpShortTitle</attribute>
      </field>

      <field>
        <caption>#getMessage("participant_ppid")</caption>
        <attribute>ppid</attribute>
      </field>

      <field>
        <type>date</type>
        <caption>#getMessage("participant_registration_date")</caption>
        <attribute>registrationDate</attribute>
      </field>

      <field>
        <caption>#getMessage("participant_activity_status")</caption>
        <attribute>activityStatus</attribute>
      </field>
    </record>

    <record>
      <attribute>participant</attribute>

      #parse( 'com/krishagni/catissueplus/core/biospecimen/schema/participant-static-fields.xml' )

      <field>
        <caption>#getMessage("participant_activity_status")</caption>
        <attribute>activityStatus</attribute>
      </field>

      <record type="customFields" entityType="ParticipantExtension">
        <attribute>extensionDetail</attribute>
      </record>
    </record>
  </record>
</object-schema>
