#macro(getMessage $code)$messageSource.getMessage($code, null, $locale)#end

<object-schema>
  <name>cpr</name>

  <record> 
    <name>com.krishagni.catissueplus.core.biospecimen.events.CollectionProtocolRegistrationDetail</name>
    
    <field>
      <caption>#getMessage("participant_identifier")</caption>
      <attribute>id</attribute>
    </field>

    <field>
      <caption>#getMessage("participant_cp_short_title")</caption>
      <attribute>cpShortTitle</attribute>
    </field>

    <field>
      <caption>#getMessage("participant_ppid")</caption>
      <attribute>ppid</attribute>
    </field>

    <field>
      <type>date</type>
      <caption>#getMessage("participant_registration_date")</caption>
      <attribute>registrationDate</attribute>
    </field>

    <field>
      <caption>#getMessage("participant_activity_status")</caption>
      <attribute>activityStatus</attribute>
    </field>

    <record>
      <attribute>participant</attribute>
   
      #parse( 'com/krishagni/catissueplus/core/biospecimen/schema/participant-static-fields.xml' )

      <record type="customFields" entityType="ParticipantExtension">
        <attribute>extensionDetail</attribute>
      </record>
    </record>
  </record>
</object-schema>
