#macro(getMessage $code)$messageSource.getMessage($code, null, $locale)#end

<object-schema>
  <name>specimenAliquot</name>

  <record>
    <name>com.krishagni.catissueplus.core.biospecimen.events.SpecimenAliquotsSpec</name>

    <field>
      <caption>#getMessage("specimen_cp_short")</caption>
      <attribute>cpShortTitle</attribute>
    </field>

    <field>
      <caption>#getMessage("specimen_parent_specimen_label")</caption>
      <attribute>parentLabel</attribute>
    </field>

    <field>
      <caption>#getMessage("specimen_qty_per_aliquot")</caption>
      <attribute>qtyPerAliquot</attribute>
    </field>

    <field>
      <caption>#getMessage("specimen_no_of_aliquots")</caption>
      <attribute>noOfAliquots</attribute>
    </field>  

    <field>
      <caption>#getMessage("specimen_location_container")</caption>
      <attribute>containerName</attribute>
    </field>

    <field>
      <caption>#getMessage("specimen_location_start_row")</caption>
      <attribute>positionY</attribute>
    </field>

    <field>
      <caption>#getMessage("specimen_location_start_column")</caption>
      <attribute>positionX</attribute>
    </field>

    <field>
      <caption>#getMessage("specimen_location_start_position")</caption>
      <attribute>position</attribute>
    </field>

    <field>
      <type>datetime</type>
      <caption>#getMessage("specimen_created_on")</caption>
      <attribute>createdOn</attribute>
    </field>

    <field>
      <caption>#getMessage("specimen_freeze_thaw_cycles")</caption>
      <attribute>freezeThawCycles</attribute>
    </field>

    <field>
      <caption>#getMessage("specimen_increment_parent_freeze_thaw")</caption>
      <attribute>incrParentFreezeThaw</attribute>
    </field>

    <field>
      <type>boolean</type>
      <caption>#getMessage("specimen_close_parent")</caption>
      <attribute>closeParent</attribute>
    </field>

    <record type="customFields" entityType="SpecimenExtension">
      <attribute>extensionDetail</attribute>
    </record>
  </record>
</object-schema>
