<form>
  <view>
    <name>identifiedSpr</name>
    <caption><![CDATA[Identified Surgical Pathology Report]]></caption>
    <row>
      <fileUpload>
        <name>fileUpload</name>
        <udn>identifiedSPR</udn>
        <caption><![CDATA[Identified SPR]]></caption>
        <phi>false</phi>
        <mandatory>false</mandatory>
        <toolTip><![CDATA[Identified Surgical Pathology Report]]></toolTip>
        <showLabel>true</showLabel>
        <showInGrid>false</showInGrid>
      </fileUpload>
    </row>
  </view>
  <skipRules>
  </skipRules>
</form>
