<?xml version="1.0" encoding="UTF-8"?>
<databaseChangeLog 
  xmlns="http://www.liquibase.org/xml/ns/dbchangelog"
  xmlns:xsi="http://www.w3.org/2001/XMLSchema-instance"
  xsi:schemaLocation="http://www.liquibase.org/xml/ns/dbchangelog 
  http://www.liquibase.org/xml/ns/dbchangelog/dbchangelog-2.0.xsd">
  
  <changeSet author="mdnasim" id="Add clinical diagnosis values in pv table">
    <loadData encoding="UTF-8"
      file="classpath:com/krishagni/openspecimen/mscc/db/clinical_diagnosis.csv"
      tableName="CATISSUE_PERMISSIBLE_VALUE">
      <column name="identifier" type="NUMERIC"/>
      <column name="parent_identifier" type="NUMERIC"/>
    </loadData>
  </changeSet>
  
  <changeSet author="mdnasim" id="Add anatomic site values in pv table">
    <loadData encoding="UTF-8"
      file="classpath:com/krishagni/openspecimen/mscc/db/anatomic_site.csv"
      tableName="CATISSUE_PERMISSIBLE_VALUE">
      <column name="identifier" type="NUMERIC"/>
      <column name="parent_identifier" type="NUMERIC"/>
    </loadData>
  </changeSet>
</databaseChangeLog>
