#macro(getMessage $code)$messageSource.getMessage($code, null, $locale)#end

<form>
  <view>
    <name>Specimen</name>
    <caption>#getMessage("specimen")</caption>
    <table>CATISSUE_SPECIMEN</table>
    <hierarchyTable>CATISSUE_SPECIMEN_HIERARCHY</hierarchyTable>
    <hierarchyAncestorColumn>ANCESTOR_ID</hierarchyAncestorColumn>
    <hierarchyDescendentColumn>DESCENDENT_ID</hierarchyDescendentColumn>
    <activeCondition>ACTIVITY_STATUS != 'Disabled'</activeCondition>
    
    <row>
      <numberField>
        <name>id</name>
        <udn>id</udn>
        <caption>#getMessage("specimen_identifier")</caption>
        <column>IDENTIFIER</column>
        <recordUrl>#/object-state-params-resolver?stateName=specimen-detail.overview&amp;objectName=specimen&amp;key=id&amp;value=:value</recordUrl>
      </numberField>
    </row>

    <row>
      <dropDown>
        <name>lineage</name>
        <udn>lineage</udn>
        <caption>#getMessage("specimen_lineage")</caption>
        <column>LINEAGE</column>
        <options>
          <option><value>New</value></option>
          <option><value>Derived</value></option>
          <option><value>Aliquot</value></option>
        </options>
      </dropDown>
    </row>

    <row>
      <textField>
        <name>label</name>
        <udn>label</udn>
        <caption>#getMessage("specimen_label")</caption>
        <column>LABEL</column>
        <recordUrl>#/object-state-params-resolver?stateName=specimen-detail.overview&amp;objectName=specimen&amp;key=label&amp;value=:value</recordUrl>
      </textField>
    </row>

    <row>
      <subForm>
        <name>parentSpecimen</name>
        <udn>parentSpecimen</udn>
        <caption>#getMessage("specimen_parent_specimen")</caption>
        <table>CATISSUE_SPECIMEN</table>
        <foreignKey>IDENTIFIER</foreignKey>
        <parentKey>PARENT_SPECIMEN_ID</parentKey>
        <row>
          <textField>
            <name>parentLabel</name>
            <udn>parentLabel</udn>
            <caption>#getMessage("specimen_parent_specimen")</caption>
            <column>LABEL</column>
            <recordUrl>#/object-state-params-resolver?stateName=specimen-detail.overview&amp;objectName=specimen&amp;key=label&amp;value=:value</recordUrl>
          </textField>  
        </row>
      </subForm>
    </row>

    <row>
      <textField>
        <name>barcode</name>
        <udn>barcode</udn>
        <caption>#getMessage("specimen_barcode")</caption>
        <column>BARCODE</column>
      </textField>
    </row>

    <row>
      <dropDown>
        <name>class</name>
        <udn>class</udn>
        <caption>#getMessage("specimen_class")</caption>
        <column>SPECIMEN_CLASS</column>
        <options>
          <sql>
            select value from catissue_permissible_value where public_id = '2003991' order by value
          </sql>
        </options>
      </dropDown>
    </row>

    <row>
      <dropDown>
        <name>type</name>
        <udn>type</udn>
        <caption>#getMessage("specimen_type")</caption>
        <column>SPECIMEN_TYPE</column>
        <options>
          <sql>
            select 
              distinct subpv.value 
            from 
              catissue_permissible_value subpv 
              inner join catissue_permissible_value mainpv on subpv.parent_identifier = mainpv.identifier 
            where 
              mainpv.public_id = '2003991' 
            order by 
              subpv.value
          </sql>
        </options>
      </dropDown>
    </row>

    <row>
      <dropDown>
        <name>tissueSite</name>
        <udn>tissueSite</udn>
        <caption>#getMessage("specimen_anatomic_site")</caption>
        <column>TISSUE_SITE</column>
        <options>
          <sql>
            select 
              pv.value 
            from 
              catissue_permissible_value pv 
            where 
              pv.public_id = 'Tissue_Site_PID'

            union 

            select 
              subpv.value 
            from 
              catissue_permissible_value pv 
              inner join catissue_permissible_value subpv on subpv.parent_identifier = pv.identifier 
            where 
              pv.public_id = 'Tissue_Site_PID' 

            union 

            select 
              subpv1.value 
            from 
              catissue_permissible_value pv 
              inner join catissue_permissible_value subpv on subpv.parent_identifier = pv.identifier 
              inner join catissue_permissible_value subpv1 on subpv1.parent_identifier = subpv.identifier 
            where 
              pv.public_id = 'Tissue_Site_PID'

            order by 
              value
          </sql>
        </options>
      </dropDown>
    </row>

    <row>
      <dropDown>
        <name>tissueSide</name>
        <udn>tissueSide</udn>
        <caption>#getMessage("specimen_laterality")</caption>
        <column>TISSUE_SIDE</column>
        <options>
          <sql>select value from catissue_permissible_value where public_id = '2003992' order by value</sql>
        </options>
      </dropDown>
    </row>

    <row>
      <dropDown>
        <name>pathologicalStatus</name>
        <udn>pathologicalStatus</udn>
        <caption>#getMessage("specimen_pathological_status")</caption>
        <column>PATHOLOGICAL_STATUS</column>
        <options>
          <sql>select value from catissue_permissible_value where public_id = '2003993' order by value</sql>
        </options>
      </dropDown>
    </row>

    <row>
      <datePicker>
        <name>createdOn</name>
        <udn>createdOn</udn>
        <caption>#getMessage("specimen_created_on")</caption>
        <column>CREATED_ON</column>
      </datePicker>
    </row>

    <row>
      <numberField>
        <name>initialQty</name>
        <udn>initialQty</udn>
        <caption>#getMessage("specimen_initial_quantity")</caption>
        <column>INITIAL_QUANTITY</column>
        <noOfDigitsAfterDecimal>4</noOfDigitsAfterDecimal>
      </numberField>
    </row>

    <row>
      <numberField>
        <name>availableQty</name>
        <udn>availableQty</udn>
        <caption>#getMessage("specimen_available_quantity")</caption>
        <column>AVAILABLE_QUANTITY</column>
        <noOfDigitsAfterDecimal>4</noOfDigitsAfterDecimal>
      </numberField>
    </row>

    <row>
      <booleanCheckBox>
        <name>isAvailable</name>
        <udn>isAvailable</udn>
        <caption>#getMessage("specimen_is_available")</caption>
        <column>AVAILABLE</column>
      </booleanCheckBox>
    </row>

    <row>
      <numberField>
        <name>concentration</name>
        <udn>concentration</udn>
        <caption>#getMessage("specimen_concentration")</caption>
        <column>CONCENTRATION</column>
        <noOfDigitsAfterDecimal>4</noOfDigitsAfterDecimal>
      </numberField>
    </row>

    <row>
      <dropDown>
        <name>collectionStatus</name>
        <udn>collectionStatus</udn>
        <caption>#getMessage("specimen_collection_status")</caption>
        <column>COLLECTION_STATUS</column>
        <options>
          <option><value>Pending</value></option>
          <option><value>Collected</value></option>
          <option><value>Not Collected</value></option>
          <option><value>Missed Collection</value></option>
        </options>
      </dropDown>
    </row>

    <row>
      <dropDown>
        <name>activityStatus</name>
        <udn>activityStatus</udn>
        <caption>#getMessage("specimen_activity_status")</caption>
        <column>ACTIVITY_STATUS</column>
        <options>
          <option><value>Active</value></option>
          <option><value>Closed</value></option>
          <option><value>Disabled</value></option>
        </options>
      </dropDown>
    </row>

    <row>
      <textField>
        <name>comments</name>
        <udn>comments</udn>
        <caption>#getMessage("specimen_comments")</caption>
        <column>COMMENTS</column>
      </textField>
    </row>

    <row>
      <subForm>
        <name>specimenPosition</name>
        <udn>specimenPosition</udn>
        <caption>#getMessage("specimen_spec_position")</caption>
        <table>OS_SPECIMEN_POSITIONS_VIEW</table>
        <foreignKey>SPECIMEN_ID</foreignKey>
        <parentKey>IDENTIFIER</parentKey>
        <primaryKey>SPECIMEN_ID</primaryKey>
        <row>
          <textField>
            <name>containerName</name>
            <udn>containerName</udn>
            <caption>#getMessage("specimen_spec_position_container_name")</caption>
            <column>CONTAINER_NAME</column>
            <maxLength>255</maxLength>
            <recordUrl>#/object-state-params-resolver?stateName=container-detail.overview&amp;objectName=container&amp;key=name&amp;value=:value</recordUrl>
          </textField>              

          <textField>
            <name>positionDimensionTwoString</name>
            <udn>positionDimensionTwoString</udn>
            <caption>#getMessage("specimen_spec_position_container_row")</caption>
            <column>POS_TWO_STR</column>
            <maxLength>255</maxLength>
          </textField>              

          <textField>
            <name>positionDimensionOneString</name>
            <udn>positionDimensionOneString</udn>
            <caption>#getMessage("specimen_spec_position_container_column")</caption>
            <column>POS_ONE_STR</column>
            <maxLength>255</maxLength>
          </textField>              
        </row>
        <row>
          <subForm>
            <name>containerHierarchy</name>
            <udn>containerHierarchy</udn>
            <caption>#getMessage("specimen_spec_position_container_hierarchy")</caption>
            <table>OS_CONTAINER_HIERARCHY_VIEW</table>
            <foreignKey>CONTAINER_ID</foreignKey>
            <parentKey>CONTAINER_IDENTIFIER</parentKey>
            <primaryKey>CONTAINER_ID</primaryKey>
            <row>
              <textField>
                <name>hierarchy</name>
                <udn>hierarchy</udn>
                <caption>#getMessage("specimen_spec_position_container_hierarchy")</caption>
                <column>HIERARCHY</column>
                <maxLength>255</maxLength>
              </textField>
            </row>
          </subForm>
        </row>
    
        <row>
          <subForm>
            <name>ancestors</name>
            <udn>ancestors</udn>
            <caption>#getMessage("specimen_spec_position_container_ancestors")</caption>
            <table>OS_CONTAINER_ANCESTORS_VIEW</table>
            <foreignKey>CONTAINER_ID</foreignKey>
            <parentKey>CONTAINER_IDENTIFIER</parentKey>
            <primaryKey>CONTAINER_ID</primaryKey>
            <row>
              <textField>
                <name>name</name>
                <udn>name</udn>
                <caption>#getMessage("specimen_spec_position_container_ancestor_name")</caption>
                <column>ANCESTOR_NAME</column>
                <maxLength>255</maxLength>
                <recordUrl>#/object-state-params-resolver?stateName=container-detail.overview&amp;objectName=container&amp;key=name&amp;value=:value</recordUrl>
              </textField>
            </row>
          </subForm>
        </row>
      </subForm>
    </row>

    <row>
      <subForm>
        <name>specimenStatistics</name>
        <udn>specimenStatistics</udn>
        <caption>#getMessage("specimen_statistics")</caption>
        <table>OS_SPECIMEN_STATS</table>
        <foreignKey>SPECIMEN_ID</foreignKey>
        <parentKey>IDENTIFIER</parentKey>
        <primaryKey>SPECIMEN_ID</primaryKey>
        <row>
          <userField>
            <name>collector</name>
            <udn>collector</udn>
            <caption>#getMessage("specimen_collector")</caption>
            <column>COLLECTOR_ID</column>
          </userField>    
        </row>
        <row>
          <userField>
            <name>receiver</name>
            <udn>receiver</udn>
            <caption>#getMessage("specimen_receiver")</caption>
            <column>RECEIVER_ID</column>
          </userField>    
        </row>
        <row>
          <numberField>
            <name>processingTime</name>
            <udn>processingTime</udn>
            <caption>#getMessage("specimen_processing_time")</caption>
            <column>PROCESSING_TIME</column>
          </numberField>
        </row>
        <row>
          <numberField>
            <name>ischemiaTime</name>
            <udn>ischemiaTime</udn>
            <caption>#getMessage("specimen_ischemia_time")</caption>
            <column>ISCHEMIA_TIME</column>
          </numberField>
        </row>
        <row>
          <numberField>
            <name>aliquotSequence</name>
            <udn>aliquotSequence</udn>
            <caption>#getMessage("specimen_aliquot_sequence")</caption>
            <column>ALIQUOT_SEQ</column>
          </numberField>
        </row>
      </subForm>
    </row>
    
    <row>
      <listBox>
        <name>biohazards</name>
        <udn>biohazards</udn>
        <caption>#getMessage("specimen_biohazard")</caption>
        <multiSelect>true</multiSelect>
        <table>OS_SPECIMEN_BIOHAZARDS</table>
        <column>BIOHAZARD</column>
        <foreignKey>SPECIMEN_ID</foreignKey>
        <parentKey>IDENTIFIER</parentKey>
        <options>
          <sql>
            select value from catissue_permissible_value where public_id = 'specimen_biohazard' order by value
          </sql>
        </options>
      </listBox>
    </row>

    <row>
      <subForm>
        <name>specimenOrders</name>
        <udn>specimenOrders</udn>
        <caption>#getMessage("specimen_order_items")</caption>
        <table>OS_SPECIMEN_DISTRIBUTION_VIEW</table>
        <foreignKey>SPECIMEN_ID</foreignKey>
        <parentKey>IDENTIFIER</parentKey>
        
        <row>
          <textField>
            <name>name</name>
            <udn>name</udn>
            <caption>#getMessage("specimen_distribution_name")</caption>
            <column>NAME</column>
            <maxLength>255</maxLength>
          </textField>  
        </row>

        <row>
          <textField>
            <name>status</name>
            <udn>status</udn>
            <caption>#getMessage("specimen_distribution_status")</caption>
            <column>STATUS</column>
            <maxLength>255</maxLength>
          </textField>  
        </row>

        <row>
          <numberField>
            <name>quantity</name>
            <udn>quantity</udn>
            <caption>#getMessage("specimen_distribution_quantity")</caption>
            <column>QUANTITY</column>
            <noOfDigitsAfterDecimal>4</noOfDigitsAfterDecimal>
          </numberField>
        </row>
 
        <row>
          <subForm>
            <name>order</name>
            <udn>order</udn>
            <caption>#getMessage("specimen_order_items_order")</caption>
            <table>OS_ORDERS</table>
            <foreignKey>IDENTIFIER</foreignKey>
            <parentKey>ORDER_ID</parentKey>
            <pathLink>true</pathLink>
          </subForm>
        </row>
      </subForm>
    </row>
    
    <row>
      <subForm>
        <name>specimenShipments</name>
        <udn>specimenShipments</udn>
        <caption>#getMessage("specimen_shipment_items")</caption>
        <table>OS_SHIPMENT_ITEMS</table>
        <foreignKey>SPECIMEN_ID</foreignKey>
        <parentKey>IDENTIFIER</parentKey>
       
        <row>
          <subForm>
            <name>shipment</name>
            <udn>shipment</udn>
            <caption>#getMessage("specimen_shipment_items_shipment")</caption>
            <table>OS_SHIPMENTS</table>
            <foreignKey>IDENTIFIER</foreignKey>
            <parentKey>SHIPMENT_ID</parentKey>
          </subForm>
        </row>
      </subForm>
    </row>

    <row>
      <subForm>
        <name>extensions</name>
        <udn>extensions</udn>
        <caption>#getMessage("specimen_extensions")</caption>
        <table>SPECIMEN_EXTN_RECORDS_VIEW</table>
        <foreignKey>SPECIMEN_ID</foreignKey>
        <parentKey>IDENTIFIER</parentKey>
        <pathLink>true</pathLink>
        <extnFkCol>RECORD_ID</extnFkCol>
      </subForm>
    </row>

    <row>
      <subForm>
        <name>scg</name>
        <udn>scg</udn>
        <caption>#getMessage("participant_visits")</caption>
        <table>CATISSUE_SPECIMEN_COLL_GROUP</table>
        <foreignKey>IDENTIFIER</foreignKey>
        <parentKey>SPECIMEN_COLLECTION_GROUP_ID</parentKey>
        <pathLink>true</pathLink>
        <row>
          <subForm>
            <name>participant</name>
            <udn>participant</udn>
            <caption>#getMessage("participant")</caption>
            <table>CPR_VIEW</table>
            <foreignKey>CPR_ID</foreignKey>
            <parentKey>COLLECTION_PROTOCOL_REG_ID</parentKey>
            <pathLink>true</pathLink>
          </subForm>
        </row>
      </subForm>
    </row>
    
    <row>
      <subForm>
        <name>customFields</name>
        <udn>customFields</udn>
        <caption>#getMessage("specimen_field_extensions")</caption>
        <table>OS_SPEC_CUST_FIELD_EXTNS_VIEW</table>
        <foreignKey>SPEC_ID</foreignKey>
        <parentKey>IDENTIFIER</parentKey>
        <pathLink>true</pathLink>
        <extnFkCol>RECORD_ID</extnFkCol>
      </subForm>
    </row>

    $querySvc.insertCustomQueryForms('specimen')
  </view>
</form>