{"id":null,"title":"Show shipment details for specific shipment","createdBy":null,"lastUpdatedBy":null,"lastUpdated":null,"cpId":-1,"drivingForm":null,"filters":[{"id":1,"field":"Shipping.label","op":"EXISTS","values":[null],"expr":null,"desc":null,"parameterized":true}],"queryExpression":[{"nodeType":"FILTER","value":1}],"selectList":["Shipping.label","Shipping.senderSite.senderSiteName","Shipping.receiverSite.receiverSiteName","Shipping.sender.senderFirstName","Shipping.sender.senderLastName","Shipping.sendDate","Shipping.barcode","Shipping.senderComments","Shipping.receiverComments","Shipping.status","Specimen.label"],"reporting":{"type":"none","params":{}},"folders":null,"deletedOn":null}