{"id":null,"title":"Specimen Catalog","createdBy":null,"lastUpdatedBy":null,"lastRunOn":null,"lastUpdated":null,"lastRunCount":null,"cpId":-1,"drivingForm":null,"filters":[{"id":6,"field":"Participant.vitalStatus","op":"ANY","values":[null],"expr":null,"desc":null,"parameterized":true},{"id":7,"field":"Participant.gender","op":"ANY","values":[null],"expr":null,"desc":null,"parameterized":true},{"id":8,"field":"Participant.race","op":"ANY","values":[null],"expr":null,"desc":null,"parameterized":true},{"id":9,"field":"SpecimenCollectionGroup.clinicalDiagnosis","op":"ANY","values":[null],"expr":null,"desc":null,"parameterized":true},{"id":10,"field":"SpecimenCollectionGroup.clinicalStatus","op":"ANY","values":[null],"expr":null,"desc":null,"parameterized":true},{"id":11,"field":"Specimen.lineage","op":"IN","values":["New","Aliquot","Derived"],"expr":null,"desc":null,"parameterized":true},{"id":12,"field":"Specimen.type","op":"ANY","values":[null],"expr":null,"desc":null,"parameterized":true},{"id":13,"field":"Specimen.tissueSite","op":"ANY","values":[null],"expr":null,"desc":null,"parameterized":true},{"id":14,"field":"Specimen.tissueSide","op":"ANY","values":[null],"expr":null,"desc":null,"parameterized":true},{"id":15,"field":"Specimen.pathologicalStatus","op":"ANY","values":[null],"expr":null,"desc":null,"parameterized":true},{"id":16,"field":"Specimen.collectionStatus","op":"EQ","values":["Collected"],"expr":null,"desc":null,"parameterized":false},{"id":18,"field":"Specimen.availableQty","op":"GT","values":["0"],"expr":null,"desc":null,"parameterized":true},{"id":19,"field":"SpecimenCollectionGroup.site.name","op":"ANY","values":[null],"expr":null,"desc":null,"parameterized":true},{"id":20,"field":null,"op":null,"values":null,"expr":"years_between( current_date(), Participant.dateOfBirth) any","desc":"Age","parameterized":true},{"id":21,"field":null,"op":null,"values":null,"expr":"years_between( SpecimenCollectionGroup.collectionDate, Participant.dateOfBirth) any","desc":"Age at Collection","parameterized":true}],"queryExpression":[{"nodeType":"FILTER","value":6},{"nodeType":"OPERATOR","value":"AND"},{"nodeType":"FILTER","value":7},{"nodeType":"OPERATOR","value":"AND"},{"nodeType":"FILTER","value":8},{"nodeType":"OPERATOR","value":"AND"},{"nodeType":"FILTER","value":9},{"nodeType":"OPERATOR","value":"AND"},{"nodeType":"FILTER","value":10},{"nodeType":"OPERATOR","value":"AND"},{"nodeType":"FILTER","value":11},{"nodeType":"OPERATOR","value":"AND"},{"nodeType":"FILTER","value":12},{"nodeType":"OPERATOR","value":"AND"},{"nodeType":"FILTER","value":13},{"nodeType":"OPERATOR","value":"AND"},{"nodeType":"FILTER","value":14},{"nodeType":"OPERATOR","value":"AND"},{"nodeType":"FILTER","value":15},{"nodeType":"OPERATOR","value":"AND"},{"nodeType":"FILTER","value":16},{"nodeType":"OPERATOR","value":"AND"},{"nodeType":"FILTER","value":18},{"nodeType":"OPERATOR","value":"AND"},{"nodeType":"FILTER","value":19},{"nodeType":"OPERATOR","value":"AND"},{"nodeType":"FILTER","value":20},{"nodeType":"OPERATOR","value":"AND"},{"nodeType":"FILTER","value":21}],"selectList":["Participant.ppid","Participant.gender","Participant.race","Participant.vitalStatus","Participant.ethnicity","$temporal.20","SpecimenCollectionGroup.clinicalDiagnosis","SpecimenCollectionGroup.site.name","SpecimenCollectionGroup.clinicalStatus","$temporal.21","Specimen.label","Specimen.lineage","Specimen.type","Specimen.tissueSite","Specimen.tissueSide","Specimen.pathologicalStatus","Specimen.availableQty","Specimen.concentration"],"reporting":{"type":"none","params":{}},"folders":null,"wideRowMode":"DEEP","deletedOn":null}