<?xml version="1.0" encoding="UTF-8"?>
<databaseChangeLog 
  xmlns="http://www.liquibase.org/xml/ns/dbchangelog"
  xmlns:xsi="http://www.w3.org/2001/XMLSchema-instance" xmlns:ext="http://www.liquibase.org/xml/ns/dbchangelog-ext"
  xsi:schemaLocation="http://www.liquibase.org/xml/ns/dbchangelog http://www.liquibase.org/xml/ns/dbchangelog/dbchangelog-3.1.xsd
        http://www.liquibase.org/xml/ns/dbchangelog-ext http://www.liquibase.org/xml/ns/dbchangelog/dbchangelog-ext.xsd">

  <changeSet author="ahegade" id="Drop identifier column from Race table">
    <dropColumn tableName="CATISSUE_RACE" columnName="IDENTIFIER"/>
  </changeSet>

  <changeSet author="ahegade" id="Adding composite primary key on Race table">
    <addPrimaryKey columnNames="PARTICIPANT_ID, RACE_NAME" tableName="CATISSUE_RACE"/>
  </changeSet>
  
  <changeSet author="ckhilosiya" id="Drop FK on distribution_protocol_id in DP sites table">
    <dropForeignKeyConstraint
      baseTableName="OS_DISTRIBUTION_PROTOCOL_SITES"
      constraintName="FK_DP_SITES_DP_ID" />
  </changeSet>
  
  <changeSet author="ckhilosiya" id="Drop FK on site_id in DP sites table">
    <dropForeignKeyConstraint
      baseTableName="OS_DISTRIBUTION_PROTOCOL_SITES"
      constraintName="FK_DP_SITES_SITE_ID" />
  </changeSet>
  
  <changeSet author="ckhilosiya" id="Drop PK from DP sites table">
    <dropPrimaryKey
      tableName="OS_DISTRIBUTION_PROTOCOL_SITES" />
  </changeSet>
  
  <changeSet author="ckhilosiya" id="Add PK identifier to DP sites table" dbms="mysql">
    <addColumn tableName="OS_DISTRIBUTION_PROTOCOL_SITES">
      <column name="IDENTIFIER" type="${int.type}" autoIncrement="${autoIncrement}">
        <constraints primaryKey="true" nullable="false" />
      </column>
    </addColumn>
  </changeSet>
  
  <changeSet author="ckhilosiya" id="Add identifier to DP sites table" dbms="oracle">
    <addColumn tableName="OS_DISTRIBUTION_PROTOCOL_SITES">
      <column name="IDENTIFIER" type="${int.type}" />
    </addColumn>
  </changeSet>
  
  <changeSet author="ckhilosiya" id="DP sites table sequence" dbms="oracle">
    <createSequence
      sequenceName="OS_DP_DIST_SITE_SEQ"
      startValue="1"
      incrementBy="1"
      ordered="true" />
  </changeSet>
  
  <changeSet author="ckhilosiya" id="Update identifier with generated values from sequence in DP sites table" dbms="oracle">
    <sql>
      update OS_DISTRIBUTION_PROTOCOL_SITES set IDENTIFIER = OS_DP_DIST_SITE_SEQ.nextval;
    </sql>
  </changeSet>
  
  <changeSet author="ckhilosiya" id="PK on identifier in DP sites table" dbms="oracle">
    <addPrimaryKey
      tableName="OS_DISTRIBUTION_PROTOCOL_SITES"
      columnNames="IDENTIFIER" />
  </changeSet>
  
  <changeSet author="ckhilosiya" id="Add column institute_id to DP sites table">
    <addColumn tableName="OS_DISTRIBUTION_PROTOCOL_SITES">
      <column name="INSTITUTE_ID" type="${int.type}" />
    </addColumn>
  </changeSet>
  
  <changeSet author="ckhilosiya" id="Update the institute_id according to site institutes in DP sites table" dbms="mysql">
    <sql>
      update
        OS_DISTRIBUTION_PROTOCOL_SITES dist
        join CATISSUE_SITE site on dist.SITE_ID = site.IDENTIFIER
      set
        dist.INSTITUTE_ID = site.INSTITUTE_ID
    </sql>
  </changeSet>
  
  <changeSet author="ckhilosiya" id="Update the institute_id according to site institutes in DP sites table" dbms="oracle">
    <sql>
      merge into OS_DISTRIBUTION_PROTOCOL_SITES dist using (
        select
          IDENTIFIER, INSTITUTE_ID
        from
          CATISSUE_SITE
      ) site on (dist.SITE_ID = site.IDENTIFIER)
      when matched then
        update set dist.INSTITUTE_ID = site.INSTITUTE_ID
    </sql>
  </changeSet>
  
  <changeSet author="ckhilosiya" id="Add not null constraint on institute_id in DP sites table">
    <addNotNullConstraint
      tableName="OS_DISTRIBUTION_PROTOCOL_SITES"
      columnName="INSTITUTE_ID"
      columnDataType="${int.type}" />
  </changeSet>
  
  <changeSet author="ckhilosiya" id="Remove not null constraint on site_id in DP sites table">
    <dropNotNullConstraint
      tableName="OS_DISTRIBUTION_PROTOCOL_SITES"
      columnName="SITE_ID"
      columnDataType="${int.type}" />
  </changeSet>
  
  <changeSet author="ckhilosiya" id="Regenerate FK on distribution protocol id of DP sites">
    <addForeignKeyConstraint
      constraintName="FK_DP_SITES_DP_ID"
      baseTableName="OS_DISTRIBUTION_PROTOCOL_SITES"
      baseColumnNames="DISTRIBUTION_PROTOCOL_ID"
      referencedTableName="CATISSUE_DISTRIBUTION_PROTOCOL"
      referencedColumnNames="IDENTIFIER" />
  </changeSet>
  
  <changeSet author="ckhilosiya" id="Regenerate FK on site id of DP sites">
    <addForeignKeyConstraint
      constraintName="FK_DP_SITES_SITE_ID"
      baseTableName="OS_DISTRIBUTION_PROTOCOL_SITES"
      baseColumnNames="SITE_ID"
      referencedTableName="CATISSUE_SITE"
      referencedColumnNames="IDENTIFIER" />
  </changeSet>
  
  <changeSet author="ckhilosiya" id="FK on institute_id of DP sites table">
    <addForeignKeyConstraint
      constraintName="FK_DP_SITES_INSTITUTE_ID"
      baseTableName="OS_DISTRIBUTION_PROTOCOL_SITES"
      baseColumnNames="INSTITUTE_ID"
      referencedTableName="CATISSUE_INSTITUTION"
      referencedColumnNames="IDENTIFIER" />
  </changeSet>

  <changeSet author="vlonushte" id="Creating specimen field extensions view" runOnChange="true">
    <createView viewName="os_spec_cust_field_extns_view" replaceIfExists="true"> 
      select 
        re.object_id as spec_id, re.record_id as record_id, fc.container_id as form_id 
      from 
        catissue_form_record_entry re 
        join catissue_form_context fc on fc.identifier = re.form_ctxt_id
      where 
        fc.entity_type = 'SpecimenExtension'
        and fc.deleted_on is null 
        and re.activity_status = 'ACTIVE'
    </createView>
  </changeSet>
  
  <changeSet author="vgaikwad" id="User api calls log table">
    <validCheckSum>7:39da927a449aa37f957a325e43636558</validCheckSum> 
    <validCheckSum>7:3beee47ae75bba0b2cb14a4bb6013251</validCheckSum> 
    <createTable tableName="OS_USER_API_CALLS_LOG">
      <column name="IDENTIFIER" type="${int.type}" autoIncrement="${autoIncrement}">
        <constraints primaryKey="true" nullable="false"/>
      </column>

      <column name="USER_ID" type="${int.type}">
        <constraints nullable="false" />
      </column>
     
      <column name="URL" type="${text.type}(255)">
        <constraints nullable="false"/>
      </column>

      <column name="METHOD" type="${text.type}(16)">
        <constraints nullable="false"/>
      </column>
      
      <column name="RESPONSE_CODE" type="${text.type}(64)">
        <constraints nullable="false"/>
      </column>
     
      <column name="AUTH_TOKEN" type="${text.type}(64)">
        <constraints nullable="false"/>
      </column>
     
      <column name="CALL_START_TIME" type="${nullable.ts.type}">
      </column>
     
      <column name="CALL_END_TIME" type="${nullable.ts.type}">
      </column>
    </createTable>
  </changeSet>  
    
  <changeSet author="vgaikwad" id="User audit logs table sequence" dbms="oracle">
    <createSequence 
      sequenceName="OS_USER_API_CALLS_LOG_SEQ" 
      startValue="1" 
      incrementBy="1" 
      ordered="true" />
  </changeSet>

  <changeSet author="vgaikwad" id="FK on user of user api logs">
    <addForeignKeyConstraint 
      constraintName="FK_OS_USER_API_LOG_USER_ID"
      baseTableName="OS_USER_API_CALLS_LOG"
      baseColumnNames="USER_ID"
      referencedTableName="CATISSUE_USER"
      referencedColumnNames="IDENTIFIER"/>
  </changeSet>
  
  <changeSet author="vgaikwad" id="Add index to user api logs table on user identifier">
    <createIndex indexName="OS_USER_API_LOG_USER_IDX" tableName="OS_USER_API_CALLS_LOG">
      <column name="USER_ID"/>
    </createIndex>
  </changeSet>
  
  <changeSet author="vgaikwad" id="Add index to user api logs table on auth token">
    <createIndex indexName="OS_USER_API_LOG_TOKEN_IDX" tableName="OS_USER_API_CALLS_LOG">
      <column name="AUTH_TOKEN"/>
    </createIndex>
  </changeSet>
  
  <changeSet author="vgaikwad" id="Drop expires on column from auth token table">
    <dropColumn tableName="OS_AUTH_TOKENS" columnName="EXPIRES_ON"/>
  </changeSet>

  <changeSet author="vpawar" id="Add a column to pool specimen requirements">
    <addColumn tableName="CATISSUE_CP_REQ_SPECIMEN">
      <column name="POOLED_SPMN_REQ_ID" type="${int.type}"/>
    </addColumn>
  </changeSet>

  <changeSet author="vpawar" id="Add a column to pool specimens">
    <addColumn tableName="CATISSUE_SPECIMEN">
      <column name="POOLED_SPECIMEN_ID" type="${int.type}"/>
    </addColumn>
  </changeSet>

  <changeSet author="vpawar" id="Increase width of CP code column to accommodate TS in delete state">
    <modifyDataType
      tableName="CATISSUE_COLLECTION_PROTOCOL"
      columnName="CODE"
      newDataType="${text.type}(32)"/>
  </changeSet>

  <changeSet author="vpawar" id="Add unique constraint on CP code">
    <addUniqueConstraint
      tableName="CATISSUE_COLLECTION_PROTOCOL"
      columnNames="CODE"
      constraintName="OS_CP_CODE_UQ"/>
  </changeSet>

  <changeSet author="vpawar" id="Increase width of event code column to accommodate TS in delete state">
    <modifyDataType
      tableName="CATISSUE_COLL_PROT_EVENT"
      columnName="CODE"
      newDataType="${text.type}(32)"/>
  </changeSet>

  <changeSet author="vpawar" id="Increase width of SR code column to accommodate TS in delete state">
    <modifyDataType
      tableName="CATISSUE_CP_REQ_SPECIMEN"
      columnName="CODE"
      newDataType="${text.type}(32)"/>
  </changeSet>
  
  <changeSet author="ckhilosiya" id="DP requirements table">
    <createTable tableName="OS_DP_REQUIREMENTS">
      <column name="IDENTIFIER" type="${int.type}" autoIncrement="${autoIncrement}">
        <constraints primaryKey="true" nullable="false" />
      </column>
      
      <column name="DP_ID" type="${int.type}">
        <constraints nullable="false" />
      </column>
      
      <column name="SPECIMEN_TYPE" type="${text.type}(50)">
        <constraints nullable="false"/>
      </column>
      
      <column name="ANATOMIC_SITE" type="${text.type}(150)">
        <constraints nullable="false" />
      </column>
      
      <column name="PATHOLOGY_STATUS" type="${text.type}(50)">
        <constraints nullable="false" />
      </column>
      
      <column name="SPECIMEN_COUNT" type="${int.type}">
        <constraints nullable="false" />
      </column>
      
      <column name="QUANTITY" type="${decimal.type}(24,8)">
        <constraints nullable="false" />
      </column>
      
      <column name="COMMENTS" type="${text.type}(255)">
        <constraints nullable="true" />
      </column>
      
      <column name="ACTIVITY_STATUS" type="${text.type}(16)">
        <constraints nullable="false" />
      </column>
    </createTable>
  </changeSet>
  
  <changeSet author="ckhilosiya" id="DP requirements table sequence" dbms="oracle">
    <createSequence
      sequenceName="OS_DP_REQUIREMENTS_SEQ"
      startValue="1"
      incrementBy="1"
      ordered="true" />
  </changeSet>
  
  <changeSet author="ckhilosiya" id="Add FK to distribution protocol in DP requirements table">
    <addForeignKeyConstraint
      constraintName="FK_OS_DP_REQ_DP_ID"
      baseTableName="OS_DP_REQUIREMENTS"
      baseColumnNames="DP_ID"
      referencedTableName="CATISSUE_DISTRIBUTION_PROTOCOL"
      referencedColumnNames="IDENTIFIER" />
  </changeSet>
  
</databaseChangeLog>
