<?xml version='1.0' encoding='utf-8'?>
<!DOCTYPE hibernate-mapping PUBLIC
    "-//Hibernate/Hibernate Mapping DTD 3.0//EN"
    "http://hibernate.sourceforge.net/hibernate-mapping-3.0.dtd">

<hibernate-mapping auto-import="false">
  <class
    name="com.krishagni.catissueplus.core.common.domain.ConfigSetting"
    table="OS_CFG_SETTINGS">
	
    <id name="id" column="IDENTIFIER">
      <generator class="native">
        <param name="sequence">OS_CFG_SETTINGS_SEQ</param>
      </generator>
    </id>

    <many-to-one
      name="property"
      class="com.krishagni.catissueplus.core.common.domain.ConfigProperty"
      column="PROPERTY_ID" not-null="true"/>

    <property name="value" column="VALUE"/>

    <many-to-one
      name="activatedBy"
      class="com.krishagni.catissueplus.core.administrative.domain.User"
      column="ACTIVATED_BY" not-null="true"/>

    <property name="activationDate" column="ACTIVATION_DATE" not-null="true"/>

    <property name="activityStatus" column="ACTIVITY_STATUS" not-null="true"/>

    <query name="getAll">
      select 
        cs
      from
        com.krishagni.catissueplus.core.common.domain.ConfigSetting cs
      where
        cs.activityStatus = 'Active'
    </query>

    <query name="getAllByModule">
      select
        cs
      from
        com.krishagni.catissueplus.core.common.domain.ConfigSetting cs
        join cs.property prop 
        join prop.module module
      where
        cs.activityStatus = 'Active' and 
        module.name = :name
    </query>
  </class>
</hibernate-mapping>
