<?xml version='1.0' encoding='utf-8'?>
<!DOCTYPE hibernate-mapping PUBLIC
    "-//Hibernate/Hibernate Mapping DTD 3.0//EN"
    "http://hibernate.sourceforge.net/hibernate-mapping-3.0.dtd">

<hibernate-mapping auto-import="false">
  <class
    name="com.krishagni.catissueplus.core.administrative.domain.ForgotPasswordToken"
    table="OS_FORGOT_PASSWORD_TOKENS">
  
    <id name="id" column="USER_ID">
      <generator class="foreign">
        <param name="property">user</param>
      </generator>
    </id>
	
    <one-to-one name="user" constrained="true"/>
    
    <property name="token" column="TOKEN"/>
    
    <property name="createdDate" column="CREATED_DATE"/>
    
    <query name="getFpToken">
      from com.krishagni.catissueplus.core.administrative.domain.ForgotPasswordToken where token = :token
    </query>
    
    <query name="getFpTokenByUser">
      from com.krishagni.catissueplus.core.administrative.domain.ForgotPasswordToken where user.id = :userId
    </query>
  </class>
</hibernate-mapping>
