<?xml version="1.0" encoding="UTF-8"?>
<databaseChangeLog 
  xmlns="http://www.liquibase.org/xml/ns/dbchangelog"
  xmlns:xsi="http://www.w3.org/2001/XMLSchema-instance"
  xsi:schemaLocation="http://www.liquibase.org/xml/ns/dbchangelog
    http://www.liquibase.org/xml/ns/dbchangelog/dbchangelog-3.1.xsd">
  
  <changeSet author="slakhani" id="Audit manage forms field">
    <addColumn tableName="CATISSUE_USER_AUD">
      <column name="MANAGE_FORMS" type="${boolean.type}"/>
    </addColumn>
  </changeSet>
  
  <changeSet author="slakhani" id="Track changes of manage forms field">
    <addColumn tableName="CATISSUE_USER_AUD">
      <column name="manageForms_MOD" type="${bit.type}"/>
    </addColumn>
  </changeSet>
  
 </databaseChangeLog> 