<?xml version="1.0" encoding="UTF-8"?> 

<databaseChangeLog
  xmlns="http://www.liquibase.org/xml/ns/dbchangelog"
  xmlns:xsi="http://www.w3.org/2001/XMLSchema-instance"
  xmlns:ext="http://www.liquibase.org/xml/ns/dbchangelog-ext"
  xsi:schemaLocation="http://www.liquibase.org/xml/ns/dbchangelog http://www.liquibase.org/xml/ns/dbchangelog/dbchangelog-3.1.xsd
    http://www.liquibase.org/xml/ns/dbchangelog-ext http://www.liquibase.org/xml/ns/dbchangelog/dbchangelog-ext.xsd">

  <include file="db/db-os-pre-conditions.xml"/>
  <include file="db/data-type-definitions.xml"/>
  
  <include file="db/2.0/schema.xml"/>
  <include file="db/2.0/seed-data.xml"/>
  <include file="db/2.0/config.xml"/>
  <include file="db/2.0/permissible-values.xml"/>
  <include file="db/2.0/migration.xml"/>
  <include file="db/2.0/audit.xml"/>

  <include file="db/2.1/schema.xml"/>
  <include file="db/2.1/config.xml"/>
  <include file="db/2.1/seed-data.xml"/>
  <include file="db/2.1/audit.xml"/>
  <include file="db/2.1/migration.xml"/>
  
  <include file="db/2.2/schema.xml"/>
  <include file="db/2.2/config.xml"/>
  <include file="db/2.2/seed-data.xml"/>
  <include file="db/2.2/audit.xml"/>
  <include file="db/2.2/migration.xml"/>

  <include file="db/2.3/schema.xml"/>
  <include file="db/2.3/config.xml"/>
  <include file="db/2.3/seed-data.xml"/>
  <include file="db/2.3/migration.xml"/>
  
  <include file="db/2.4/schema.xml"/>
  <include file="db/2.4/config.xml"/>
  <include file="db/2.4/audit.xml"/>
  
  <include file="db/2.5/schema.xml"/>
  <include file="db/2.5/config.xml"/>
  <include file="db/2.5/seed-data.xml"/>
  <include file="db/2.5/migration.xml"/>
  
  <include file="db/2.6/schema.xml"/>
  <include file="db/2.6/config.xml"/>
  <include file="db/2.6/audit.xml"/>
  
  <include file="db/3.0/schema.xml"/>
  <include file="db/3.0/audit.xml"/>
  
  <include file="db/3.1/schema.xml"/>
  <include file="db/3.1/config.xml"/>
  <include file="db/3.1/audit.xml"/>

  <include file="db/3.2/schema.xml"/>
  <include file="db/3.2/config.xml"/>
  <include file="db/3.2/seed-data.xml"/>
  <include file="db/3.2/audit.xml"/>
</databaseChangeLog>
