{"id":null,"title":"Report of number of participants by protocol and gender","createdBy":null,"lastUpdatedBy":null,"lastUpdated":null,"cpId":-1,"drivingForm":null,"filters":[{"id":1,"field":"Specimen.collectionStatus","op":"EQ","values":["Collected"],"expr":null,"desc":null,"parameterized":false}],"queryExpression":[{"nodeType":"FILTER","value":1.0}],"selectList":[{"name":"Participant.id","aggFns":[{"name":"count","desc":"Identifier Count"}]},{"name":"Participant.gender","aggFns":null},{"name":"CollectionProtocol.Title","aggFns":null}],"reporting":{"type":"crosstab","params":{"groupRowsBy":[{"id":"CollectionProtocol.Title","name":"CollectionProtocol.Title","value":"Title"}],"groupColBy":{"id":"Participant.gender","name":"Participant.gender","value":"Gender"},"summaryFields":[{"id":"Participant.id$count","name":"Participant.id","value":"Identifier Count","aggFn":"count"}]}},"folders":null,"wideRowMode":"DEEP","deletedOn":null}