{"id":null,"title":"Show list of specimens based on participant demographics","createdBy":null,"lastUpdatedBy":null,"lastUpdated":null,"cpId":-1,"drivingForm":null,"filters":[{"id":3,"field":"Specimen.collectionStatus","op":"EQ","values":["Collected"],"expr":null,"desc":null,"parameterized":false},{"id":4,"field":null,"op":null,"values":null,"expr":"years_between( current_date(), Participant.dateOfBirth)   >   0","desc":"Age","parameterized":true},{"id":8,"field":"Participant.gender","op":"IN","values":["Female Gender","Male Gender"],"expr":null,"desc":null,"parameterized":true},{"id":9,"field":"Participant.race","op":"EXISTS","values":[null],"expr":null,"desc":null,"parameterized":true},{"id":10,"field":"Participant.ethnicity","op":"EXISTS","values":[null],"expr":null,"desc":null,"parameterized":true},{"id":11,"field":"Participant.medicalRecord.medicalRecordNumber","op":"EXISTS","values":[null],"expr":null,"desc":null,"parameterized":true}],"queryExpression":[{"nodeType":"FILTER","value":4.0},{"nodeType":"OPERATOR","value":"AND"},{"nodeType":"FILTER","value":3.0},{"nodeType":"OPERATOR","value":"AND"},{"nodeType":"FILTER","value":8.0},{"nodeType":"OPERATOR","value":"AND"},{"nodeType":"FILTER","value":9.0},{"nodeType":"OPERATOR","value":"AND"},{"nodeType":"FILTER","value":10.0},{"nodeType":"OPERATOR","value":"AND"},{"nodeType":"FILTER","value":11.0}],"selectList":["CollectionProtocol.Title","Participant.ppid","Participant.gender","Participant.ethnicity","Participant.medicalRecord.medicalRecordNumber","Participant.medicalRecord.mrnSiteName","Participant.race","$temporal.4","SpecimenCollectionGroup.name","SpecimenCollectionGroup.clinicalDiagnosis","SpecimenCollectionGroup.site.name","Specimen.label","Specimen.extensions.SpecimenCollectionEvent.time","Specimen.class","Specimen.type","Specimen.specimenPosition.containerName","Specimen.specimenPosition.positionDimensionOneString","Specimen.specimenPosition.positionDimensionTwoString","Specimen.pathologicalStatus","Specimen.tissueSite","Specimen.availableQty"],"reporting":{"type":"none","params":{}},"folders":null,"wideRowMode":"DEEP","deletedOn":null}