{"id":null,"title":"Show list of specimens based on specimen details","createdBy":null,"lastUpdatedBy":null,"lastUpdated":null,"cpId":-1,"drivingForm":null,"filters":[{"id":1,"field":"Specimen.collectionStatus","op":"EQ","values":["Collected"],"expr":null,"desc":null,"parameterized":false},{"id":2,"field":"CollectionProtocol.Title","op":"EXISTS","values":[null],"expr":null,"desc":null,"parameterized":true},{"id":3,"field":"SpecimenCollectionGroup.clinicalDiagnosis","op":"EXISTS","values":[null],"expr":null,"desc":null,"parameterized":true},{"id":4,"field":"Specimen.type","op":"IN","values":["DNA","Fresh Tissue","Frozen Tissue","Whole Blood"],"expr":null,"desc":null,"parameterized":true},{"id":5,"field":"Specimen.pathologicalStatus","op":"IN","values":["Malignant","Non-Malignant"],"expr":null,"desc":null,"parameterized":true},{"id":6,"field":"Specimen.specimenPosition.containerName","op":"EXISTS","values":[null],"expr":null,"desc":null,"parameterized":true},{"id":7,"field":"Specimen.tissueSite","op":"IN","values":["Breast, NOS","Lower lobe, lung","Lung, NOS","Not Specified"],"expr":null,"desc":null,"parameterized":true},{"id":8,"field":"Specimen.extensions.SpecimenCollectionEvent.time","op":"GT","values":["01-01-2005"],"expr":null,"desc":null,"parameterized":true}],"queryExpression":[{"nodeType":"FILTER","value":1},{"nodeType":"OPERATOR","value":"AND"},{"nodeType":"FILTER","value":2},{"nodeType":"OPERATOR","value":"AND"},{"nodeType":"FILTER","value":3},{"nodeType":"OPERATOR","value":"AND"},{"nodeType":"FILTER","value":4},{"nodeType":"OPERATOR","value":"AND"},{"nodeType":"FILTER","value":5},{"nodeType":"OPERATOR","value":"AND"},{"nodeType":"FILTER","value":6},{"nodeType":"OPERATOR","value":"AND"},{"nodeType":"FILTER","value":7},{"nodeType":"OPERATOR","value":"AND"},{"nodeType":"FILTER","value":8}],"selectList":["CollectionProtocol.Title","Participant.ppid","Participant.gender","Participant.medicalRecord.medicalRecordNumber","Participant.medicalRecord.mrnSiteName","Participant.race","SpecimenCollectionGroup.clinicalDiagnosis","Specimen.extensions.SpecimenCollectionEvent.time","Specimen.extensions.SpecimenCollectionEvent.procedure","Specimen.extensions.SpecimenCollectionEvent.container","Specimen.extensions.SpecimenCollectionEvent.user","Specimen.extensions.SpecimenCollectionEvent.comments","Specimen.type","Specimen.specimenPosition.containerName","Specimen.specimenPosition.positionDimensionOneString","Specimen.specimenPosition.positionDimensionTwoString","Specimen.pathologicalStatus","Specimen.tissueSite"],"reporting":{"type":"none","params":{}},"folders":null,"wideRowMode":"DEEP","deletedOn":null}