<form>
  <view>
    <name>visitExtension</name>
    <caption>Visit Extension</caption>
    <row>
      <dropDown>
        <name>primarySite</name>
        <udn>primarySite</udn>
        <caption>Primary Site</caption>
        <column>PRIMARY_SITE_ID</column>
        <showWhen><![CDATA[$extendedObj.clinicalStatus = "Metastasis (Secondary)"]]></showWhen>
        <options>
          <sql>
            select
              pv.value
            from
              catissue_permissible_value pv
            where
              pv.public_id = 'Tissue_Site_PID'

            union

            select
              subpv.value
            from
              catissue_permissible_value pv
              inner join catissue_permissible_value subpv on subpv.parent_identifier = pv.identifier
            where
              pv.public_id = 'Tissue_Site_PID'

            union

            select
              subpv1.value
            from
              catissue_permissible_value pv
              inner join catissue_permissible_value subpv on subpv.parent_identifier = pv.identifier
              inner join catissue_permissible_value subpv1 on subpv1.parent_identifier = subpv.identifier
            where
              pv.public_id = 'Tissue_Site_PID'

            order by
              value
          </sql>
        </options>
      </dropDown>
    </row>
  </view>
</form>
