<?xml version="1.0" encoding="UTF-8"?>
<beans xmlns="http://www.springframework.org/schema/beans"
  xmlns:xsi="http://www.w3.org/2001/XMLSchema-instance"
  xmlns:context="http://www.springframework.org/schema/context"
  xmlns:p="http://www.springframework.org/schema/p"
  xmlns:c="http://www.springframework.org/schema/c"
  xmlns:util="http://www.springframework.org/schema/util"
  xmlns:tx="http://www.springframework.org/schema/tx"
  xmlns:aop="http://www.springframework.org/schema/aop"
  xmlns:mvc="http://www.springframework.org/schema/mvc"
  xsi:schemaLocation="http://www.springframework.org/schema/beans 
    http://www.springframework.org/schema/beans/spring-beans-3.2.xsd
    http://www.springframework.org/schema/tx
    http://www.springframework.org/schema/tx/spring-tx-3.2.xsd
    http://www.springframework.org/schema/aop 
    http://www.springframework.org/schema/aop/spring-aop-3.2.xsd
    http://www.springframework.org/schema/context 
    http://www.springframework.org/schema/context/spring-context-3.2.xsd
    http://www.springframework.org/schema/mvc http://www.springframework.org/schema/mvc/spring-mvc.xsd">

  <bean id="migrateSprs" class="com.krishagni.openspecimen.unsw.init.MigrateIdentifiedReports">
    <property name="txnMgr" ref="transactionManager"/>
    <property name="jdbcTemplate" ref="jdbcTemplate"/>
    <property name="visitSvc" ref="visitService"/>
    <property name="formSvc" ref="formSvc"/>
    <property name="daoFactory" ref="biospecimenDaoFactory"/>
  </bean> 
  
  <bean id="migrateExternalIds" class="com.krishagni.openspecimen.unsw.init.MigrateExternalIds">
    <property name="txnMgr" ref="transactionManager"/>
    <property name="jdbcTemplate" ref="jdbcTemplate"/>
    <property name="daoFactory" ref="biospecimenDaoFactory"/>
  </bean>
  
</beans>
