<?xml version="1.0" encoding="UTF-8"?>
<beans xmlns="http://www.springframework.org/schema/beans"
  xmlns:xsi="http://www.w3.org/2001/XMLSchema-instance"
  xmlns:context="http://www.springframework.org/schema/context"
  xmlns:p="http://www.springframework.org/schema/p"
  xmlns:c="http://www.springframework.org/schema/c"
  xmlns:util="http://www.springframework.org/schema/util"
  xmlns:aop="http://www.springframework.org/schema/aop"
  xmlns:security="http://www.springframework.org/schema/security"
  xmlns:task="http://www.springframework.org/schema/task"
  xmlns:mvc="http://www.springframework.org/schema/mvc"
  xmlns:tx="http://www.springframework.org/schema/tx"
  xsi:schemaLocation="http://www.springframework.org/schema/beans 
    http://www.springframework.org/schema/beans/spring-beans-3.2.xsd
    http://www.springframework.org/schema/aop 
    http://www.springframework.org/schema/aop/spring-aop-3.2.xsd
    http://www.springframework.org/schema/security 
    http://www.springframework.org/schema/security/spring-security-3.2.xsd
    http://www.springframework.org/schema/task
    http://www.springframework.org/schema/task/spring-task-3.2.xsd
    http://www.springframework.org/schema/context 
    http://www.springframework.org/schema/context/spring-context-3.2.xsd
    http://www.springframework.org/schema/mvc http://www.springframework.org/schema/mvc/spring-mvc.xsd
    http://www.springframework.org/schema/tx 
    http://www.springframework.org/schema/tx/spring-tx.xsd">

  <bean id="migrationProps" class="org.springframework.beans.factory.config.PropertiesFactoryBean">
    <property name="locations">
      <list>
        <value>classpath:migration.properties</value>
      </list>
    </property>
  </bean>
  
  <bean id="migrationDao" class="com.krishagni.openspecimen.core.migration.repository.impl.MigrationDaoImpl">
    <property name="sessionFactory" ref="sessionFactory"/>
  </bean>
  
  <bean id="migrationSvc" class="com.krishagni.openspecimen.core.migration.services.impl.MigrationServiceImpl">
    <property name="migrationDao" ref="migrationDao"/>
  </bean>
  
  <bean id="migrateCntnrRestrictions" class="com.krishagni.catissueplus.core.init.MigrateContainerRestrictions">
    <property name="txnMgr" ref="transactionManager"/>
    <property name="daoFactory" ref="biospecimenDaoFactory"/>
    <property name="jdbcTemplate" ref="jdbcTemplate"/>
  </bean>
  
  <bean id="migrateSprs" class="com.krishagni.catissueplus.core.init.MigrateSurgicalPathologyReports">
    <property name="txnMgr" ref="transactionManager"/>
    <property name="daoFactory" ref="biospecimenDaoFactory"/>
    <property name="migrationProps" ref="migrationProps"/>
    <property name="cfgSvc" ref="cfgSvc"/>
    <property name="migrationSvc" ref="migrationSvc"/>
    <property name="jdbcTemplate" ref="jdbcTemplate"/>
    <property name="appProps" ref="appProps"/>
  </bean>
  
  <bean id="migrateConsents" class="com.krishagni.catissueplus.core.init.MigrateConsents">
    <property name="migrationProps" ref="migrationProps"/>
    <property name="cfgSvc" ref="cfgSvc"/>
    <property name="migrationSvc" ref="migrationSvc"/>
  </bean>
</beans>
