<?xml version='1.0' encoding='utf-8'?>
<!DOCTYPE hibernate-mapping PUBLIC
    "-//Hibernate/Hibernate Mapping DTD 3.0//EN"
    "http://hibernate.sourceforge.net/hibernate-mapping-3.0.dtd">

<hibernate-mapping auto-import="false">
  <class name="com.krishagni.catissueplus.core.administrative.domain.Institute"
    table="CATISSUE_INSTITUTION">
  
    <id name="id" column="IDENTIFIER">
      <generator class="native">
        <param name="sequence">CATISSUE_INSTITUTE_SEQ</param>
      </generator>
    </id>

    <property name="name" column="NAME"/>

    <property name="activityStatus" column="ACTIVITY_STATUS"/>
    
    <set 
      name="departments"
      table="OS_DEPARTMENTS" 
      inverse="true" 
      cascade="all-delete-orphan">
      
      <key column="INSTITUTE_ID"/>
      <one-to-many  class="com.krishagni.catissueplus.core.administrative.domain.Department" />
    </set>
    
    <set name="sites" inverse="false" cascade="none">
      <key column="INSTITUTE_ID"/>
      <one-to-many class="com.krishagni.catissueplus.core.administrative.domain.Site"/>
      <filter name="activeEntity"/>
    </set>

    <filter name="activeEntity"/>

    <query name="getInstitutesByName">
      from
        com.krishagni.catissueplus.core.administrative.domain.Institute institute
      where
        institute.name in (:names) and institute.activityStatus != 'Disabled'
    </query>
    
    <query name="getInstituteStats">
      select
        institute.id, count(distinct dept.id), count(distinct user.id)
      from
        com.krishagni.catissueplus.core.administrative.domain.Institute institute 
        join institute.departments dept
        left join dept.users user
      where
        institute.id in (:instituteIds)
      group by
        institute.id
    </query>
    
    
  </class>
</hibernate-mapping>
