<?xml version='1.0' encoding='utf-8'?>
<!DOCTYPE hibernate-mapping PUBLIC
    "-//Hibernate/Hibernate Mapping DTD 3.0//EN"
    "http://hibernate.sourceforge.net/hibernate-mapping-3.0.dtd">

<hibernate-mapping auto-import="false">
  <class
    name="com.krishagni.catissueplus.core.administrative.domain.Password"
    table="CATISSUE_PASSWORD">
    
    <id name="id" column="IDENTIFIER">
      <generator class="native">
        <param name="sequence">CATISSUE_PASSWORD_SEQ</param>
      </generator>
    </id>

    <property name="password" column="PASSWORD"/>

    <property name="updationDate" column="UPDATE_DATE"/>

    <many-to-one name="user" column="USER_ID"/>
   
  </class>
</hibernate-mapping>
