<?xml version='1.0' encoding='utf-8'?>
<!DOCTYPE hibernate-mapping PUBLIC
    "-//Hibernate/Hibernate Mapping DTD 3.0//EN"
    "http://hibernate.sourceforge.net/hibernate-mapping-3.0.dtd">

<hibernate-mapping auto-import="false">
  <class name="com.krishagni.catissueplus.core.administrative.domain.StorageContainer" table="OS_STORAGE_CONTAINERS">

    <id name="id" column="IDENTIFIER" type="long" unsaved-value="null">
      <generator class="native">
        <param name="sequence">OS_STORAGE_CONTAINERS_SEQ</param>
      </generator>
    </id>

    <property name="name" column="NAME"/>

    <property name="barcode" column="BARCODE"/>

    <property name="temperature" column="TEMPERATURE"/>

    <property name="noOfColumns" column="NO_OF_COLS"/>

    <property name="noOfRows" column="NO_OF_ROWS"/>

    <property name="columnLabelingScheme" column="COLUMN_LABELING_SCHEME"/>

    <property name="rowLabelingScheme" column="ROW_LABELING_SCHEME"/>

    <property name="storeSpecimenEnabled" column="STORE_SPECIMENS"/>

    <many-to-one
      name="type"
      class="com.krishagni.catissueplus.core.administrative.domain.ContainerType"
      column="TYPE_ID"/>

    <many-to-one
      name="site"
      class="com.krishagni.catissueplus.core.administrative.domain.Site"
      column="SITE_ID"/>

    <many-to-one
      name="parentContainer"
      class="com.krishagni.catissueplus.core.administrative.domain.StorageContainer"
      column="PARENT_CONTAINER_ID"/>

    <many-to-one
      name="createdBy"
      class="com.krishagni.catissueplus.core.administrative.domain.User"
      column="CREATED_BY"/>

    <property name="activityStatus" column="ACTIVITY_STATUS"/>

    <property name="comments" column="COMMENTS"/>

    <set name="childContainers" table="OS_STORAGE_CONTAINERS" inverse="true" cascade="all-delete-orphan">
      <key column="PARENT_CONTAINER_ID"/>
      <one-to-many  class="com.krishagni.catissueplus.core.administrative.domain.StorageContainer" />
      <filter name="activeEntity"/>
    </set>

    <set name="ancestorContainers" table="OS_CONTAINERS_HIERARCHY">
      <key column="DESCENDENT_ID"/>
      <many-to-many class="com.krishagni.catissueplus.core.administrative.domain.StorageContainer" column="ANCESTOR_ID">
        <filter name="activeEntity"/>
      </many-to-many>
    </set>

    <set name="descendentContainers" table="OS_CONTAINERS_HIERARCHY">
      <key column="ANCESTOR_ID"/>
      <many-to-many class="com.krishagni.catissueplus.core.administrative.domain.StorageContainer" column="DESCENDENT_ID">
        <filter name="activeEntity"/>
      </many-to-many>
    </set>

    <set name="allowedSpecimenClasses" table="OS_STOR_CONT_SPEC_CLASSES" cascade="all-delete-orphan">
      <key column="STORAGE_CONTAINER_ID"/>
      <element column="SPECIMEN_CLASS" type="string"/>
    </set>

    <set name="allowedSpecimenTypes" table="OS_STOR_CONT_SPEC_TYPES" cascade="all-delete-orphan">
      <key column="STORAGE_CONTAINER_ID"/>
      <element column="SPECIMEN_TYPE" type="string"/>
    </set>
            
    <set name="allowedCps" table="OS_STOR_CONTAINER_CPS" inverse="false">
      <key column="STORAGE_CONTAINER_ID"/>
      <many-to-many class="com.krishagni.catissueplus.core.biospecimen.domain.CollectionProtocol" column="CP_ID"/>
    </set>

    <set name="compAllowedSpecimenClasses" table="OS_STOR_CONT_COMP_SPEC_CLASSES" cascade="all-delete-orphan">
      <key column="STORAGE_CONTAINER_ID"/>
      <element column="SPECIMEN_CLASS" type="string"/>
    </set>

    <set name="compAllowedSpecimenTypes" table="OS_STOR_CONT_COMP_SPEC_TYPES" cascade="all-delete-orphan">
      <key column="STORAGE_CONTAINER_ID"/>
      <element column="SPECIMEN_TYPE" type="string"/>
    </set>
            
    <set name="compAllowedCps" table="OS_STOR_CONTAINER_COMP_CPS" inverse="false">
      <key column="STORAGE_CONTAINER_ID"/>
      <many-to-many class="com.krishagni.catissueplus.core.biospecimen.domain.CollectionProtocol" column="CP_ID"/>
    </set>

    <one-to-one
      name="position"
      class="com.krishagni.catissueplus.core.administrative.domain.StorageContainerPosition"
      property-ref="occupyingContainer"
      cascade="save-update"/>

    <set name="occupiedPositions" table="OS_CONTAINER_POSITIONS" cascade="all-delete-orphan" batch-size="100" inverse="true">
      <key column="STORAGE_CONTAINER_ID" not-null="true"/>
      <one-to-many class="com.krishagni.catissueplus.core.administrative.domain.StorageContainerPosition"/>
    </set>

    <many-to-one
      name="stats"
      column="IDENTIFIER"
      class="com.krishagni.catissueplus.core.administrative.domain.StorageContainerStats"
      update="false" insert="false"/>

    <filter name="activeEntity"/>

    <query name="getSpecimensCount">
      select
        count(pos)
      from
        com.krishagni.catissueplus.core.administrative.domain.StorageContainer c
        join c.descendentContainers d
        join d.occupiedPositions pos
      where
        c.id = :containerId
        and pos.occupyingSpecimen is not null
    </query>
  </class>
</hibernate-mapping>
