{"id":null,"title":"Report of count of specimens by type and container","createdBy":null,"lastUpdatedBy":null,"lastUpdated":null,"cpId":-1,"drivingForm":null,"filters":[{"id":1,"field":"Specimen.collectionStatus","op":"EQ","values":["Collected"],"expr":null,"desc":null,"parameterized":false}],"queryExpression":[{"nodeType":"FILTER","value":1.0}],"selectList":[{"name":"Specimen.id","aggFns":[{"name":"count","desc":"Identifier Count"}]},{"name":"Specimen.type","aggFns":null},{"name":"Specimen.specimenPosition.containerName","aggFns":null}],"reporting":{"type":"crosstab","params":{"groupRowsBy":[{"id":"Specimen.specimenPosition.containerName","name":"Specimen.specimenPosition.containerName","value":"Storage Container Name"}],"groupColBy":{"id":"Specimen.type","name":"Specimen.type","value":"Type"},"summaryFields":[{"id":"Specimen.id$count","name":"Specimen.id","value":"Identifier Count","aggFn":"count"}]}},"folders":null,"wideRowMode":"DEEP","deletedOn":null}