#macro(getMessage $code)$messageSource.getMessage($code, null, $locale)#end

<form>
  <view>
    <name>Participant</name>
    <caption>#getMessage("participant")</caption>
    <table>CPR_VIEW</table>
    <primaryKey>CPR_ID</primaryKey>
    <activeCondition>ACTIVITY_STATUS != 'Disabled'</activeCondition>  
    <row>
      <numberField>
        <name>id</name>
        <udn>id</udn>
        <caption>#getMessage("participant_identifier")</caption>
        <column>PARTICIPANT_ID</column>
      </numberField>
    </row>
    <row>
      <textField>
        <name>firstName</name>
        <udn>firstName</udn>
        <caption>#getMessage("participant_first_name")</caption>
        <column>FIRST_NAME</column>
        <maxLength>50</maxLength>
        <phi>true</phi>
      </textField>

      <textField>
        <name>middleName</name>
        <udn>middleName</udn>
        <caption>#getMessage("participant_middle_name")</caption>
        <column>MIDDLE_NAME</column>
        <maxLength>50</maxLength>
        <phi>true</phi>
      </textField>

      <textField>
        <name>lastName</name>
        <udn>lastName</udn>
        <caption>#getMessage("participant_last_name")</caption>
        <column>LAST_NAME</column>
        <phi>true</phi>
      </textField>
    </row>
    <row>
      <datePicker>
        <name>dateOfBirth</name>
        <udn>dateOfBirth</udn>
        <caption>#getMessage("participant_dob")</caption>
        <column>DOB</column>
        <format>MM-dd-yyyy</format>
        <phi>true</phi>
      </datePicker>
    </row>
    <row>
      <datePicker>
        <name>deathDate</name>
        <udn>deathDate</udn>
        <caption>#getMessage("participant_death_date")</caption>
        <column>DEATH_DATE</column>
        <format>MM-dd-yyyy</format>
        <phi>true</phi>
      </datePicker>
    </row>
    <row>
      <textField>
        <name>ssn</name>
        <udn>ssn</udn>
        <caption>#getMessage("participant_ssn")</caption>
        <column>SSN</column>
        <phi>true</phi>
      </textField>
    </row>
    <row>
      <textField>
        <name>empi</name>
        <udn>empi</udn>
        <caption>#getMessage("participant_empi")</caption>
        <column>EMPI_ID</column>
        <phi>true</phi>
      </textField>
    </row>
    <row>
      <textField>
        <name>vitalStatus</name>
        <udn>vitalStatus</udn>
        <caption>#getMessage("participant_vital_status")</caption>
        <column>VITAL_STATUS</column>
      </textField>
    </row>
    <row>
      <dropDown>
        <name>activityStatus</name>
        <udn>activityStatus</udn>
        <caption>#getMessage("participant_activity_status")</caption>
        <column>ACTIVITY_STATUS</column>
        <options>
          <option><value>Active</value></option>
          <option><value>Disabled</value></option>
          <option><value>Closed</value></option>
        </options>
      </dropDown>
    </row>
    <row>
      <radioButton>
        <name>gender</name>
        <udn>gender</udn>
        <caption>#getMessage("participant_gender")</caption>
        <column>GENDER</column>
        <options>
          <sql>select value from catissue_permissible_value where public_id = '2003989' order by value</sql>
        </options>
      </radioButton>
    </row>
    <row>
      <dropDown>
        <name>genotype</name>
        <udn>genotype</udn>
        <caption>#getMessage("participant_genotype")</caption>
        <column>GENOTYPE</column>
        <options>
          <sql>select value from catissue_permissible_value where public_id = '2003990' order by value</sql>
        </options>
      </dropDown>
    </row>
    <row>
      <checkBox>
        <name>race</name>
        <udn>race</udn>
        <caption>#getMessage("participant_race")</caption>
        <multiSelect>true</multiSelect>
        <table>CATISSUE_RACE</table>
        <column>RACE_NAME</column>
        <foreignKey>PARTICIPANT_ID</foreignKey>
        <parentKey>PARTICIPANT_ID</parentKey>
        <options>
          <sql>select value from catissue_permissible_value where public_id = 'Race_PID' order by sortorder</sql>
        </options>
      </checkBox>
    </row>
    <row>
      <textField>
        <name>ethnicity</name>
        <udn>ethnicity</udn>
        <caption>#getMessage("participant_ethnicity")</caption>
        <column>ETHNICITY</column>
      </textField>
    </row>
    <row>
      <subForm>
        <name>medicalRecord</name>
        <udn>medicalRecord</udn>
        <caption>#getMessage("participant_mrn")</caption>
        <table>PART_MED_REC_VIEW</table>
        <foreignKey>PARTICIPANT_ID</foreignKey>
        <parentKey>PARTICIPANT_ID</parentKey>
        <row>
          <textField>
            <name>medicalRecordNumber</name>
            <udn>medicalRecordNumber</udn>
            <caption>#getMessage("participant_mrn_mrn")</caption>
            <column>MEDICAL_RECORD_NUMBER</column>
            <maxLength>255</maxLength>
            <phi>true</phi>
          </textField>
    
          <dropDown>
            <name>mrnSiteName</name>
            <udn>mrnSiteName</udn>
            <caption>#getMessage("participant_mrn_site")</caption>
            <column>SITE_NAME</column>
            <options>
              <sql>select distinct name from CATISSUE_SITE</sql>
            </options>
          </dropDown>
        </row>
      </subForm>
    </row>
    <row>
      <textField>
        <name>barcode</name>
        <udn>barcode</udn>
        <caption>#getMessage("participant_barcode")</caption>
        <column>BARCODE</column>
      </textField>
    </row>
    <row>
      <datePicker>
        <name>regDate</name>
        <udn>regDate</udn>
        <caption>#getMessage("participant_registration_date")</caption>
        <column>REGISTRATION_DATE</column>
        <format>MM-dd-yyyy</format>
        <phi>true</phi>
      </datePicker>
    </row>
    <row>
      <textField>
        <name>ppid</name>
        <udn>ppid</udn>
        <caption>#getMessage("participant_ppid")</caption>
        <column>PPID</column>
      </textField>
    </row>
    <row>
      <subForm>
        <name>scgs</name>
        <udn>scgs</udn>
        <caption>#getMessage("participant_visits")</caption>
        <table>CATISSUE_SPECIMEN_COLL_GROUP</table>
        <foreignKey>COLLECTION_PROTOCOL_REG_ID</foreignKey>
        <parentKey>CPR_ID</parentKey>
        <pathLink>true</pathLink>
        <row>
          <subForm>
            <name>specimens</name>
            <udn>specimens</udn>
            <caption>#getMessage("participant_visits_specimens")</caption>
            <table>CATISSUE_SPECIMEN</table>
            <foreignKey>SPECIMEN_COLLECTION_GROUP_ID</foreignKey>
            <parentKey>IDENTIFIER</parentKey>
            <pathLink>true</pathLink>

            <row>
              <subForm>
                <name>specimenOrders</name>
                <udn>specimenOrders</udn>
                <caption>#getMessage("participant_visits_specimens_order_items")</caption>
                <table>OS_ORDER_ITEMS</table>
                <foreignKey>SPECIMEN_ID</foreignKey>
                <parentKey>IDENTIFIER</parentKey>
                <row>
                  <subForm>
                    <name>order</name>
                    <udn>order</udn>
                    <caption>#getMessage("participant_visits_specimens_order_items_order")</caption>
                    <table>OS_ORDERS</table>
                    <foreignKey>IDENTIFIER</foreignKey>
                    <parentKey>ORDER_ID</parentKey>
                  </subForm>
                </row>
              </subForm>
            </row>
            
            <row>
              <subForm>
                <name>specimenShipments</name>
                <udn>specimenShipments</udn>
                <caption>#getMessage("specimen_shipment_items")</caption>
                <table>OS_SHIPMENT_ITEMS</table>
                <foreignKey>SPECIMEN_ID</foreignKey>
                <parentKey>IDENTIFIER</parentKey>
                
                <row>
                  <subForm>
                    <name>shipment</name>
                    <udn>shipment</udn>
                    <caption>#getMessage("specimen_shipment_items_shipment")</caption>
                    <table>OS_SHIPMENTS</table>
                    <foreignKey>IDENTIFIER</foreignKey>
                    <parentKey>SHIPMENT_ID</parentKey>
                  </subForm>
                </row>
              </subForm>
            </row>
          </subForm>
        </row>
      </subForm>
    </row>
    <row>
      <subForm>
        <name>consentTier</name>
        <udn>consentTier</udn>
        <caption>#getMessage("participant_consent_tier")</caption>
        <table>CONSENT_TIER_VIEW</table>
        <foreignKey>CPR_ID</foreignKey>
        <parentKey>CPR_ID</parentKey>
        <row>
          <textField>
            <name>consentTierStatement</name>
            <udn>consentTierStatement</udn>
            <caption>#getMessage("participant_consent_tier_statement")</caption>
            <column>STATEMENT</column>
          </textField>

          <dropDown>
            <name>consentResponseStatement</name>
            <udn>consentResponseStatement</udn>
            <caption>#getMessage("participant_consent_tier_response")</caption>
            <column>RESPONSE</column>
            <options>
              <option><value>Yes</value></option>
              <option><value>No</value></option>
              <option><value>Not Specified</value></option>
            </options>
          </dropDown>
        </row>
      </subForm>
    </row>
    <row>
      <datePicker>
        <name>consentSignDate</name>
        <udn>consentSignDate</udn>
        <caption>#getMessage("participant_consent_sign_date")</caption>
        <column>CONSENT_SIGN_DATE</column>
        <format>MM-dd-yyyy</format>
      </datePicker>
    </row>
    <row>
      <subForm>
        <name>consentWitness</name>
        <udn>consentWitness</udn>
        <caption>#getMessage("participant_consent_witness")</caption>
        <table>USER_VIEW</table>
        <foreignKey>IDENTIFIER</foreignKey>
        <parentKey>CONSENT_WITNESS</parentKey>
        <row>  
          <textField>
            <name>firstName</name>
            <udn>firstName</udn>
            <caption>#getMessage("participant_consent_witness_first_name")</caption>
            <column>FIRST_NAME</column>
          </textField>
          
          <textField>
            <name>lastName</name>
            <udn>lastName</udn>
            <caption>#getMessage("participant_consent_witness_last_name")</caption>
            <column>LAST_NAME</column>
          </textField>
        </row>
      </subForm>
    </row>
    <row>
      <subForm>
        <name>customFields</name>
        <udn>customFields</udn>
        <caption>#getMessage("participant_field_extensions")</caption>
        <table>OS_PART_CUST_FIELD_EXTNS_VIEW</table>
        <foreignKey>PID</foreignKey>
        <parentKey>PARTICIPANT_ID</parentKey>
        <pathLink>true</pathLink>
        <extnFkCol>RECORD_ID</extnFkCol>
      </subForm>
    </row>
    <row>
      <subForm>
        <name>extensions</name>
        <udn>extensions</udn>
        <caption>#getMessage("participant_extensions")</caption>
        <table>CPR_EXTENSION_RECORDS_VIEW</table>
        <foreignKey>CPR_ID</foreignKey>
        <parentKey>CPR_ID</parentKey>
        <pathLink>true</pathLink>
        <extnFkCol>RECORD_ID</extnFkCol>
      </subForm>
    </row>
  </view>
</form>
