#macro(getMessage $code)$messageSource.getMessage($code, null, $locale)#end

<form>
  <view>
    <name>Order</name>
    <caption>#getMessage("order")</caption>
    <table>OS_ORDERS</table>

    <row>
      <numberField>
        <name>id</name>
        <udn>id</udn>
        <caption>#getMessage("order_identifier")</caption>
        <column>IDENTIFIER</column>
      </numberField>
    </row>

    <row>
      <textField>
        <name>orderName</name>
        <udn>orderName</udn>
        <caption>#getMessage("order_name")</caption>
        <column>NAME</column>
      </textField>
    </row>

    <row>
      <subForm>
        <name>distributionProtocol</name>
        <udn>distributionProtocol</udn>
        <caption>#getMessage("order_dp")</caption>
        <table>CATISSUE_DISTRIBUTION_PROTOCOL</table>
        <foreignKey>IDENTIFIER</foreignKey>
        <parentKey>DISTRIBUTION_PROTOCOL_ID</parentKey>

        <row>          
          <textField>
            <name>distributionProtocolTitle</name>
            <udn>distributionProtocolTitle</udn>
            <caption>#getMessage("order_dp_title")</caption>
            <column>TITLE</column>
          </textField>
        </row>

	<row>
          <numberField>
            <name>irbId</name>
            <udn>irbId</udn>
            <caption>#getMessage("order_dp_irb_id")</caption>
            <column>IRB_IDENTIFIER</column>
          </numberField>
        </row>

        <row>	
          <subForm>
            <name>principalInvestigator</name>
            <udn>principalInvestigator</udn>
            <caption>#getMessage("order_dp_pi")</caption>
            <table>USER_VIEW</table>
            <foreignKey>IDENTIFIER</foreignKey>
            <parentKey>PRINCIPAL_INVESTIGATOR_ID</parentKey>
            <row>          
              <textField>
                <name>firstName</name>
                <udn>firstName</udn>
                <caption>#getMessage("order_dp_pi_first_name")</caption>
                <column>FIRST_NAME</column>
              </textField>
          
              <textField>
                <name>lastName</name>
                <udn>lastName</udn>
                <caption>#getMessage("order_dp_pi_last_name")</caption>
                <column>LAST_NAME</column>
              </textField>

              <textField>
                <name>email</name>
                <udn>email</udn>
                <caption>#getMessage("order_dp_pi_email")</caption>
                <column>EMAIL_ADDRESS</column>
              </textField>
            </row>
          </subForm>
        </row>
      </subForm>
    </row>

    <row>
      <subForm>
        <name>distributionSite</name>
        <udn>distributionSite</udn>
        <caption>#getMessage("order_site")</caption>
        <table>CATISSUE_SITE</table>
        <foreignKey>IDENTIFIER</foreignKey>
        <parentKey>SITE_ID</parentKey>
        <row>
          <dropDown>
            <name>distributionSiteName</name>
            <udn>distributionSiteName</udn>
            <caption>#getMessage("order_site_name")</caption>
            <column>NAME</column>
            <options>
              <sql>select distinct name from CATISSUE_SITE</sql>
            </options>
          </dropDown>              
        </row>
      </subForm>
    </row>

    <row>
      <textField>
        <name>trackingUrl</name>
        <udn>trackingUrl</udn>
        <caption>#getMessage("order_tracking_url")</caption>
        <column>TRACKING_URL</column>
      </textField>
    </row>

    <row>
      <textField>
        <name>comments</name>
        <udn>comments</udn>
        <caption>#getMessage("order_comments")</caption>
        <column>COMMENTS</column>
      </textField>
    </row>

    <row>
      <subForm>
        <name>requester</name>
        <udn>requester</udn>
        <caption>#getMessage("order_requester")</caption>
        <table>USER_VIEW</table>
        <foreignKey>IDENTIFIER</foreignKey>
        <parentKey>REQUESTER_ID</parentKey>
        <row>                    
          <textField>
            <name>requesterFirstName</name>
            <udn>requesterFirstName</udn>
            <caption>#getMessage("order_requester_first_name")</caption>
            <column>FIRST_NAME</column>
          </textField>
          
          <textField>
            <name>requesterLastName</name>
            <udn>requesterLastName</udn>
            <caption>#getMessage("order_requester_last_name")</caption>
            <column>LAST_NAME</column>
          </textField>
        </row>
      </subForm>
    </row>

    <row>
      <datePicker>
        <name>requestedDate</name>
        <udn>requestedDate</udn>
        <caption>#getMessage("order_execution_date")</caption>
        <column>EXECUTION_DATE</column>
        <format>MM-dd-yyyy</format>
      </datePicker>
    </row>

    <row>
      <dropDown>
        <name>orderStatus</name>
        <udn>orderStatus</udn>
        <caption>#getMessage("order_status")</caption>
        <column>STATUS</column>
        <options>
          <option><value>EXECUTED</value></option>
          <option><value>PENDING</value></option>
        </options>
      </dropDown>
    </row>
  </view>
</form>
