<?xml version="1.0" encoding="UTF-8"?>
<databaseChangeLog 
  xmlns="http://www.liquibase.org/xml/ns/dbchangelog"
  xmlns:xsi="http://www.w3.org/2001/XMLSchema-instance" xmlns:ext="http://www.liquibase.org/xml/ns/dbchangelog-ext"
  xsi:schemaLocation="http://www.liquibase.org/xml/ns/dbchangelog http://www.liquibase.org/xml/ns/dbchangelog/dbchangelog-3.1.xsd
        http://www.liquibase.org/xml/ns/dbchangelog-ext http://www.liquibase.org/xml/ns/dbchangelog/dbchangelog-ext.xsd">

  <property name="now" value="now()"   dbms="mysql" />
  <property name="now" value="sysdate" dbms="oracle" />
  
  <changeSet author="nmarwaha" id="Creating function for getting next PV Id" dbms="oracle">
    <sql endDelimiter="//">
      create or replace function getNextPvId
        return number as
        begin
          return catissue_permi_value_seq.nextval;
        end getNextPvId;
        //
    </sql>
  </changeSet>
  
  <changeSet author="nmarwaha" id="Creating function for getting next PV Id" dbms="mysql">
    <sql endDelimiter="//">
      drop function if exists getNextPvId
      //
  
      create function getNextPvId()
        returns bigint(20)
      begin
        declare nxtPvId bigint(20);

        select 
          max(identifier)+1 into nxtPvId 
        from 
          catissue_permissible_value;

        return (nxtPvId);
      end
      //
    </sql>
  </changeSet>
  
  <changeSet author="nmarwaha" id="Creating function for getting parent Id" dbms="oracle">
    <sql endDelimiter="//">
      create or replace function getPvParentId( 
        public_id IN varchar2, pvValue IN varchar2
        )return number as

        pvId catissue_permissible_value.identifier%TYPE; 

        begin
          select 
            identifier into pvId 
          from 
            catissue_permissible_value 
          where 
            public_id = public_id and value = pvValue; 
  
          return pvId;
        end getPvParentId;
        //
    </sql>
  </changeSet>
  
  <changeSet author="nmarwaha" id="Creating function for getting parent Id" dbms="mysql">
    <sql endDelimiter="//">
      drop function if exists getPvParentId
      //

      create function getPvParentId (public_id varchar(255), pvValue varchar(255))
        returns bigint(20)
      begin
        declare pvId bigint(20);

        select 
          identifier into pvId 
        from 
          catissue_permissible_value 
        where 
          public_id = public_id and value = pvValue;
        
        return (pvId);
      end
      //
    </sql>
  </changeSet>
  
  <changeSet author="vgaikwad" id="Consent response PV category">
    <validCheckSum>7:d5ae917f8bf3fc9f91511012f9aaf155</validCheckSum>
    <preConditions onFail="MARK_RAN">
      <sqlCheck expectedResult="0">
        select 
          count(*) 
        from 
          catissue_cde
        where 
          public_id = 'consent_response'
      </sqlCheck>
    </preConditions>
    <sql>
      insert into catissue_cde
        (public_id, long_name, definition, version, last_updated) 
      values
        ('consent_response', 'Consent Response', 'Consent Response', 2.0, ${now});
    </sql>
  </changeSet>
  
  <changeSet id="Loading permissible values for attribute: clinical status" author="vratnaparkhi">
    <validCheckSum>7:fa56aa88ef630514cfa0f864176458fe</validCheckSum>
    <preConditions onFail="MARK_RAN">
      <sqlCheck expectedResult="0">
        select 
          case when (count(*) > 0) then 1 else 0 end 
        from 
          catissue_permissible_value
        where
          public_id = '2003988'
      </sqlCheck>
    </preConditions>
    <loadData file="db/2.0/permissible-values/clinical-status.csv" tableName="catissue_permissible_value">
      <column name="identifier" type="NUMERIC"/>
    </loadData>
  </changeSet>
  
  <changeSet id="Loading permissible values for attribute: collection procedure" author="vratnaparkhi">
    <validCheckSum>7:4bf3d8c22f96418b83665beea57f8382</validCheckSum>
    <preConditions onFail="MARK_RAN">
      <sqlCheck expectedResult="0">
        select 
          case when (count(*) > 0) then 1 else 0 end 
        from 
          catissue_permissible_value
        where
          public_id = '2003996'
      </sqlCheck>
    </preConditions>
    <loadData file="db/2.0/permissible-values/collection-procedure.csv" tableName="catissue_permissible_value">
      <column name="identifier" type="NUMERIC"/>
    </loadData>
  </changeSet>
  
  <changeSet id="Loading permissible values for attribute: collection status" author="vratnaparkhi">
    <validCheckSum>7:f79afe06bb61f7f435916361d0768e81</validCheckSum>
    <preConditions onFail="MARK_RAN">
      <sqlCheck expectedResult="0">
        select 
          case when (count(*) > 0) then 1 else 0 end 
        from 
          catissue_permissible_value
        where
          public_id = '2004300'
      </sqlCheck>
    </preConditions>
    <loadData file="db/2.0/permissible-values/collection-status.csv" tableName="catissue_permissible_value">
      <column name="identifier" type="NUMERIC"/>
    </loadData>
  </changeSet>
  
  <changeSet id="Loading permissible values for attribute: container" author="vratnaparkhi">
    <validCheckSum>7:561e80f5f8bbb3eab7a6de02e80d9a3b</validCheckSum>
    <preConditions onFail="MARK_RAN">
      <sqlCheck expectedResult="0">
        select 
          case when (count(*) > 0) then 1 else 0 end 
        from 
          catissue_permissible_value
        where
          public_id = '2003997'  
      </sqlCheck>
    </preConditions>
    <loadData file="db/2.0/permissible-values/container.csv" tableName="catissue_permissible_value">
      <column name="identifier" type="NUMERIC"/>
    </loadData>
  </changeSet>
  
  <changeSet id="Loading permissible values for attribute: embedding medium" author="vratnaparkhi">
    <validCheckSum>7:2b5080c634231271ddb5e960ec47efa0</validCheckSum>
    <preConditions onFail="MARK_RAN">
      <sqlCheck expectedResult="0">
        select 
          case when (count(*) > 0) then 1 else 0 end 
        from 
          catissue_permissible_value
        where
          public_id = '2003999'  
      </sqlCheck>
    </preConditions>
    <loadData file="db/2.0/permissible-values/embedding-medium.csv" tableName="catissue_permissible_value">
      <column name="identifier" type="NUMERIC"/>
    </loadData>
  </changeSet>
  
  <changeSet id="Loading permissible values for attribute: ethnicity" author="vratnaparkhi">
    <validCheckSum>7:3ff7f23fb265368327b900691810293f</validCheckSum>
    <preConditions onFail="MARK_RAN">
      <sqlCheck expectedResult="0">
        select 
          case when (count(*) > 0) then 1 else 0 end 
        from 
          catissue_permissible_value
        where
          public_id = 'Ethnicity_PID'  
      </sqlCheck>
    </preConditions>
    <loadData file="db/2.0/permissible-values/ethnicity.csv" tableName="catissue_permissible_value">
      <column name="identifier" type="NUMERIC"/>
    </loadData>
  </changeSet>
  
  <changeSet id="Loading permissible values for attribute: fixation type" author="vratnaparkhi">
    <validCheckSum>7:96790b2e5a1d783d1ff433c206663754</validCheckSum>
    <preConditions onFail="MARK_RAN">
      <sqlCheck expectedResult="0">
        select 
          case when (count(*) > 0) then 1 else 0 end 
        from 
          catissue_permissible_value
        where
          public_id = '2003995'  
      </sqlCheck>
    </preConditions>
    <loadData file="db/2.0/permissible-values/fixation-type.csv" tableName="catissue_permissible_value">
      <column name="identifier" type="NUMERIC"/>
    </loadData>
  </changeSet>
  
  <changeSet id="Loading permissible values for attribute: gender" author="vratnaparkhi">
    <validCheckSum>7:25849716eded3eb8dfa13158513c3c5d</validCheckSum>
    <preConditions onFail="MARK_RAN">
      <sqlCheck expectedResult="0">
        select 
          case when (count(*) > 0) then 1 else 0 end 
        from 
          catissue_permissible_value
        where
          public_id = '2003989'  
      </sqlCheck>
    </preConditions>
    <loadData file="db/2.0/permissible-values/gender.csv" tableName="catissue_permissible_value">
      <column name="identifier" type="NUMERIC"/>
    </loadData>
  </changeSet>
  
  <changeSet id="Loading permissible values for attribute: genotype" author="vratnaparkhi">
    <validCheckSum>7:7d6b11faf75cd0dce179a59cc719e538</validCheckSum>
    <preConditions onFail="MARK_RAN">
      <sqlCheck expectedResult="0">
        select 
          case when (count(*) > 0) then 1 else 0 end 
        from 
          catissue_permissible_value
        where
          public_id = '2003990'  
      </sqlCheck>
    </preConditions>
    <loadData file="db/2.0/permissible-values/genotype.csv" tableName="catissue_permissible_value">
      <column name="identifier" type="NUMERIC"/>
    </loadData>
  </changeSet>
  
  <changeSet id="Loading permissible values for attribute: histological quality" author="vratnaparkhi">
    <validCheckSum>7:58b23e03a15134076f3fbad5d4d86f31</validCheckSum>
    <preConditions onFail="MARK_RAN">
      <sqlCheck expectedResult="0">
        select 
          case when (count(*) > 0) then 1 else 0 end 
        from 
          catissue_permissible_value
        where
          public_id = 'Hist_Quality'  
      </sqlCheck>
    </preConditions>
    <loadData file="db/2.0/permissible-values/histological-quality.csv" tableName="catissue_permissible_value">
      <column name="identifier" type="NUMERIC"/>
    </loadData>
  </changeSet>
  
  <changeSet id="Loading permissible values for attribute: method" author="vratnaparkhi">
    <validCheckSum>7:c9c37d4d086bb2f95b568c8c1f58a25b</validCheckSum>
    <preConditions onFail="MARK_RAN">
      <sqlCheck expectedResult="0">
        select 
          case when (count(*) > 0) then 1 else 0 end 
        from 
          catissue_permissible_value
        where
          public_id = '2003998'  
      </sqlCheck>
    </preConditions>
    <loadData file="db/2.0/permissible-values/method.csv" tableName="catissue_permissible_value">
      <column name="identifier" type="NUMERIC"/>
    </loadData>
  </changeSet>
  
  <changeSet id="Loading permissible values for attribute: pathological status" author="vratnaparkhi">
    <validCheckSum>7:d174d1db2f47a50910f4a81bdc87a1e4</validCheckSum>
    <preConditions onFail="MARK_RAN">
      <sqlCheck expectedResult="0">
        select 
          case when (count(*) > 0) then 1 else 0 end 
        from 
          catissue_permissible_value
        where
          public_id = '2003993'  
      </sqlCheck>
    </preConditions>
    <loadData file="db/2.0/permissible-values/pathological-status.csv" tableName="catissue_permissible_value">
      <column name="identifier" type="NUMERIC"/>
    </loadData>
  </changeSet>
  
  <changeSet id="Loading permissible values for attribute: race" author="vratnaparkhi">
    <validCheckSum>7:5e288216cf27d6795509461af07d68b4</validCheckSum>
    <preConditions onFail="MARK_RAN">
      <sqlCheck expectedResult="0">
        select 
          case when (count(*) > 0) then 1 else 0 end 
        from 
          catissue_permissible_value
        where
          public_id = 'Race_PID'  
      </sqlCheck>
    </preConditions>
    <loadData file="db/2.0/permissible-values/race.csv" tableName="catissue_permissible_value">
      <column name="identifier" type="NUMERIC"/>
    </loadData>
  </changeSet>
  
  <changeSet id="Loading permissible values for attribute: received quality" author="vratnaparkhi">
    <validCheckSum>7:67c868c53067362060fe4d2d09ba8842</validCheckSum>
    <preConditions onFail="MARK_RAN">
      <sqlCheck expectedResult="0">
        select 
          case when (count(*) > 0) then 1 else 0 end 
        from 
          catissue_permissible_value
        where
          public_id = '2003994'  
      </sqlCheck>
    </preConditions>
    <loadData file="db/2.0/permissible-values/received-quality.csv" tableName="catissue_permissible_value">
      <column name="identifier" type="NUMERIC"/>
    </loadData>
  </changeSet>
  
  <changeSet id="Loading permissible values for attribute: requested items status" author="vratnaparkhi">
    <validCheckSum>7:96df522a225c8b76d6f32fb0089c3b30</validCheckSum>
    <preConditions onFail="MARK_RAN">
      <sqlCheck expectedResult="0">
        select 
          case when (count(*) > 0) then 1 else 0 end 
        from 
          catissue_permissible_value
        where
          public_id = '4285'  
      </sqlCheck>
    </preConditions>
    <loadData file="db/2.0/permissible-values/requested-items-status.csv" tableName="catissue_permissible_value">
      <column name="identifier" type="NUMERIC"/>
    </loadData>
  </changeSet>
  
  <changeSet id="Loading permissible values for attribute: request status" author="vratnaparkhi">
    <validCheckSum>7:d2337c6659fbb599f09c0fd48f35a03b</validCheckSum>
    <preConditions onFail="MARK_RAN">
      <sqlCheck expectedResult="0">
        select 
          case when (count(*) > 0) then 1 else 0 end 
        from 
          catissue_permissible_value
        where
          public_id = '4284'  
      </sqlCheck>
    </preConditions>
    <loadData file="db/2.0/permissible-values/request-status.csv" tableName="catissue_permissible_value">
      <column name="identifier" type="NUMERIC"/>
    </loadData>
  </changeSet>
  
  <changeSet id="Loading permissible values for attribute: site type" author="vratnaparkhi">
    <validCheckSum>7:140d5f875213e6b013b048df110f4321</validCheckSum>
    <preConditions onFail="MARK_RAN">
      <sqlCheck expectedResult="0">
        select 
          case when (count(*) > 0) then 1 else 0 end 
        from 
          catissue_permissible_value
        where
          public_id = 'Site_Type_PID'  
      </sqlCheck>
    </preConditions>
    <loadData file="db/2.0/permissible-values/site-type.csv" tableName="catissue_permissible_value">
      <column name="identifier" type="NUMERIC"/>
    </loadData>
  </changeSet>
  
  <changeSet id="Loading permissible values for attribute: tissue side" author="vratnaparkhi">
    <validCheckSum>7:e1b0a393bed1ce0b572230d905ad4af3</validCheckSum>
    <preConditions onFail="MARK_RAN">
      <sqlCheck expectedResult="0">
        select 
          case when (count(*) > 0) then 1 else 0 end 
        from 
          catissue_permissible_value
        where
          public_id = '2003992'  
      </sqlCheck>
    </preConditions>
    <loadData file="db/2.0/permissible-values/tissue-side.csv" tableName="catissue_permissible_value">
      <column name="identifier" type="NUMERIC"/>
    </loadData>
  </changeSet>
  
  <changeSet id="Loading permissible values for attribute: tissue site" author="vratnaparkhi">
    <validCheckSum>7:cfdb94e214a1b37bff2d915561aa602d</validCheckSum>
    <preConditions onFail="MARK_RAN">
      <sqlCheck expectedResult="0">
        select 
          case when (count(*) > 0) then 1 else 0 end 
        from 
          catissue_permissible_value
        where
          public_id = 'Tissue_Site_PID'  
      </sqlCheck>
    </preConditions>
    <loadData file="db/2.0/permissible-values/tissue-site.csv" tableName="catissue_permissible_value">
      <column name="identifier" type="NUMERIC"/>
    </loadData>
  </changeSet>
  
  <changeSet id="Loading permissible values for attribute: vital status" author="vratnaparkhi">
    <validCheckSum>7:509a02086ddc916b471a62b174fdc8e3</validCheckSum>
    <preConditions onFail="MARK_RAN">
      <sqlCheck expectedResult="0">
        select 
          case when (count(*) > 0) then 1 else 0 end 
        from 
          catissue_permissible_value
        where
          public_id = '2004001'  
      </sqlCheck>
    </preConditions>
    <loadData file="db/2.0/permissible-values/vital-status.csv" tableName="catissue_permissible_value">
      <column name="identifier" type="NUMERIC"/>
    </loadData>
  </changeSet>
  
  <changeSet id="Loading permissible values for attribute: specimen class and type" author="vratnaparkhi">
    <validCheckSum>7:3077a1a733ac6694a1abd05e152bf2c2</validCheckSum>
    <preConditions onFail="MARK_RAN">
      <sqlCheck expectedResult="0">
        select 
          case when (count(*) > 0) then 1 else 0 end 
        from 
          catissue_permissible_value
        where
          public_id = '2003991'  
      </sqlCheck>
    </preConditions>
    <loadData file="db/2.0/permissible-values/specimen-class-and-type.csv" tableName="catissue_permissible_value">
      <column name="identifier" type="NUMERIC"/>
      <column name="parent_identifier" type="NUMERIC"/>
    </loadData>
  </changeSet>
  
  <changeSet id="Loading permissible values for attribute: scg collection status" author="vratnaparkhi">
    <validCheckSum>7:920bc7686d02ce286f25212f4724b44a</validCheckSum>
    <preConditions onFail="MARK_RAN">
      <sqlCheck expectedResult="0">
        select 
          case when (count(*) > 0) then 1 else 0 end 
        from 
          catissue_permissible_value
        where
          public_id = 'scg_collection_status'  
      </sqlCheck>
    </preConditions>
    <loadData file="db/2.0/permissible-values/scg-collection-status.csv" tableName="catissue_permissible_value">
      <column name="identifier" type="NUMERIC"/>
    </loadData>
  </changeSet>
  
  <changeSet id="Loading permissible values for attribute: order status" author="vratnaparkhi">
    <validCheckSum>7:aaff17e02e55cebeaf0eb157d281e950</validCheckSum>
    <preConditions onFail="MARK_RAN">
      <sqlCheck expectedResult="0">
        select 
          case when (count(*) > 0) then 1 else 0 end 
        from 
          catissue_permissible_value
        where
          public_id = 'order_status'  
      </sqlCheck>
    </preConditions>
    <loadData file="db/2.0/permissible-values/order-status.csv" tableName="catissue_permissible_value">
      <column name="identifier" type="NUMERIC"/>
    </loadData>
  </changeSet>
  
  <changeSet author="ahegade" id="Missed visit reasons PV category">
    <validCheckSum>7:a5918f69da80b616592b8f464dd1054b</validCheckSum>
    <preConditions onFail="MARK_RAN">
      <sqlCheck expectedResult="0">
        select 
          count(*) 
        from 
          catissue_cde
        where 
          public_id = 'missed_visit_reason'
      </sqlCheck>
    </preConditions>
    <sql>
      insert into catissue_cde
        (public_id, long_name, definition, version, last_updated)
      values
        ('missed_visit_reason', 'Missed Visit Reason', 'Missed Visit Reason', '2.0', ${now})
    </sql>
  </changeSet>
  
  <changeSet id="Loading permissible values for attribute: missed visit reason" author="vratnaparkhi">
    <validCheckSum>7:3cd9e016a22781197f81508244c0e35b</validCheckSum>
    <preConditions onFail="MARK_RAN">
      <sqlCheck expectedResult="0">
        select 
          case when (count(*) > 0) then 1 else 0 end 
        from 
          catissue_permissible_value
        where
          public_id = 'missed_visit_reason'  
      </sqlCheck>
    </preConditions>
    <loadData file="db/2.0/permissible-values/missed-visit-reason.csv" tableName="catissue_permissible_value">
      <column name="identifier" type="NUMERIC"/>
    </loadData>
  </changeSet>
  
  <changeSet id="Loading permissible values for attribute: consent response" author="vratnaparkhi">
    <validCheckSum>7:1fb744025056583b7e43dbc9c363befb</validCheckSum>
    <preConditions onFail="MARK_RAN">
      <sqlCheck expectedResult="0">
        select 
          case when (count(*) > 0) then 1 else 0 end 
        from 
          catissue_permissible_value
        where
          public_id = 'consent_response'  
      </sqlCheck>
    </preConditions>
    <loadData file="db/2.0/permissible-values/consent-response.csv" tableName="catissue_permissible_value">
      <column name="identifier" type="NUMERIC"/>
    </loadData>
  </changeSet>
  
  <changeSet id="Loading permissible values for attribute: clinical diagnosis" author="vratnaparkhi">
    <validCheckSum>7:65824f78eb2c86ab2ac3e8c070d6e095</validCheckSum>
    <preConditions onFail="MARK_RAN">
      <sqlCheck expectedResult="0">
        select 
          case when (count(*) > 0) then 1 else 0 end 
        from 
          catissue_permissible_value
        where
          public_id = 'Clinical_Diagnosis_PID'  
      </sqlCheck>
    </preConditions>
    <loadData file="db/2.0/permissible-values/clinical-diagnosis.csv" tableName="catissue_permissible_value">
      <column name="identifier" type="NUMERIC"/>
    </loadData>
  </changeSet>
  
  <changeSet id="Loading permissible values for attribute: biohazard" author="vratnaparkhi" runOnChange="true">
    <validCheckSum>7:ec4c990eb40cf49cd4835701810955c3</validCheckSum>
    <preConditions onFail="MARK_RAN">
      <sqlCheck expectedResult="0">
        select 
          case when (count(*) > 0) then 1 else 0 end 
        from 
          catissue_permissible_value
        where
          public_id = 'specimen_biohazard'  
      </sqlCheck>
    </preConditions>
    <loadData file="db/2.0/permissible-values/biohazard.csv" tableName="catissue_permissible_value">
      <column name="identifier" type="NUMERIC"/>
    </loadData>
  </changeSet>
  
</databaseChangeLog>