{"id":null,"title":"Show list of tissue specimens frozen within 15 mins of received time","createdBy":null,"lastUpdatedBy":null,"lastUpdated":null,"cpId":-1,"drivingForm":null,"filters":[{"id":1,"field":"Specimen.collectionStatus","op":"EQ","values":["Collected"],"expr":null,"desc":null,"parameterized":false},{"id":2,"field":"Specimen.class","op":"EQ","values":["Tissue"],"expr":null,"desc":null,"parameterized":false},{"id":3,"field":null,"op":null,"values":null,"expr":"minutes_between( Specimen.extensions.SpecimenFrozenEvent.time, Specimen.extensions.SpecimenReceivedEvent.time) < 15","desc":"Frozen time difference","parameterized":false}],"queryExpression":[{"nodeType":"FILTER","value":1},{"nodeType":"OPERATOR","value":"AND"},{"nodeType":"FILTER","value":2},{"nodeType":"OPERATOR","value":"AND"},{"nodeType":"FILTER","value":3}],"selectList":["Participant.ppid","CollectionProtocol.shortTitle","SpecimenCollectionGroup.name","SpecimenCollectionGroup.site.name","SpecimenCollectionGroup.clinicalDiagnosis","Specimen.label","Specimen.class","Specimen.type","Specimen.tissueSite","Specimen.pathologicalStatus","Specimen.createdOn","Specimen.availableQty","Specimen.specimenPosition.containerName","Specimen.specimenPosition.positionDimensionTwoString","Specimen.specimenPosition.positionDimensionOneString","Specimen.extensions.SpecimenReceivedEvent.time","Specimen.extensions.SpecimenFrozenEvent.time","$temporal.3"],"reporting":{"type":"none","params":{}},"folders":null,"wideRowMode":"DEEP","deletedOn":null}