#macro(getMessage $code)$messageSource.getMessage($code, null, $locale)#end

<object-schema>
  <name>otherCpr</name>

  <record> 
    <name>com.krishagni.catissueplus.core.biospecimen.events.ParticipantRegistrationsList</name>
    
    <record>
      <attribute>participant</attribute>

      <record>
        <caption>#getMessage("participant_pmi")</caption>
        <attribute>pmi</attribute>

        <field>
          <caption>#getMessage("participant_pmi_site")</caption>
          <attribute>siteName</attribute>
        </field>

        <field>
          <caption>#getMessage("participant_pmi_mrn")</caption>
          <attribute>mrn</attribute>
        </field>
      </record>
    </record>

    <record>
      <caption>#getMessage("participant_cpr")</caption>
      <attribute>registrations</attribute>
      <multiple>true</multiple>

      <field>
        <caption>#getMessage("participant_cp_short_title")</caption>
        <attribute>cpShortTitle</attribute>
      </field>

      <field>
        <caption>#getMessage("participant_ppid")</caption>
        <attribute>ppid</attribute>
      </field>

      <field>
        <type>date</type>
        <caption>#getMessage("participant_registration_date")</caption>
        <attribute>registrationDate</attribute>
      </field>
    </record>
  </record>
</object-schema>
