#macro(getMessage $code)$messageSource.getMessage($code, null, $locale)#end

<form>
  <view>
    <name>SpecimenCellReviewEvent</name>
    <caption>#getMessage("cell_review_event")</caption>
    <table>CATISSUE_CELL_SPE_REVIEW_PARAM</table>
    <primaryKey>IDENTIFIER</primaryKey>

    <row>
      <numberField>
        <name>neoPlasticCellularityPct</name>
        <udn>neoPlasticCellularityPct</udn>
        <caption>#getMessage("cell_review_event_neo_plastic_cellularity_pct")</caption>
        <column>NEOPLASTIC_CELLULARITY_PER</column>
      </numberField>
    </row>

    <row>
      <numberField>
        <name>viableCellPct</name>
        <udn>viableCellPct</udn>
        <caption>#getMessage("cell_review_event_viable_cell_pct")</caption>
	<column>VIABLE_CELL_PERCENTAGE</column>
      </numberField>
    </row>

    <row>
      <userField>
        <name>user</name>
        <udn>user</udn>
        <caption>#getMessage("specimen_event_user")</caption>
        <column>USER_ID</column>
        <showInGrid>true</showInGrid>
        <mandatory>true</mandatory>
      </userField>
    </row>

    <row>
      <datePicker>
        <name>time</name>
        <udn>time</udn>
        <caption>#getMessage("specimen_event_date_time")</caption>
        <column>EVENT_TIMESTAMP</column>
        <format>MM-dd-yyyy HH:mm</format>
        <showInGrid>true</showInGrid>
        <default>current_date</default>
        <mandatory>true</mandatory>
      </datePicker>
    </row>


    <row>
      <textArea>
        <name>comments</name>
        <udn>comments</udn>
        <caption>#getMessage("specimen_event_comments")</caption>
        <column>COMMENTS</column>
        <height>2</height>
      </textArea>
    </row>
  </view>
</form>
