#macro(getMessage $code)$messageSource.getMessage($code, null, $locale)#end

<form>
  <view>
    <name>SpecimenAdditionalFields</name>
    <caption>#getMessage("specimen_additional_fields")</caption>
    <row>
      <numberField>
        <name>freezingMediaVolume</name>
        <udn>freezingMediaVolume</udn>
        <caption>#getMessage("specimen_freezing_media_volume")</caption>
        <phi>false</phi>
        <mandatory>false</mandatory>
        <toolTip><![CDATA[]]></toolTip>
        <showLabel>true</showLabel>
        <showInGrid>false</showInGrid>
        <showWhen><![CDATA[$extendedObj.specimenClass = "Cell"]]></showWhen>
        <width>0</width>
        <defaultValue><![CDATA[]]></defaultValue>
        <noOfDigits>19</noOfDigits>
        <noOfDigitsAfterDecimal>4</noOfDigitsAfterDecimal>
      </numberField>
    </row>
    <row>
      <numberField>
        <name>cellViabilityPct</name>
        <udn>cellViabilityPct</udn>
        <caption>#getMessage("specimen_cell_viability_pct")</caption>
        <phi>false</phi>
        <mandatory>false</mandatory>
        <toolTip><![CDATA[]]></toolTip>
        <showLabel>true</showLabel>
        <showInGrid>false</showInGrid>
        <showWhen><![CDATA[$extendedObj.specimenClass = "Cell"]]></showWhen>
        <width>0</width>
        <defaultValue><![CDATA[]]></defaultValue>
        <noOfDigits>19</noOfDigits>
        <noOfDigitsAfterDecimal>4</noOfDigitsAfterDecimal>
      </numberField>
    </row>
  </view>
  <skipRules>
  </skipRules>
</form>
