<form>
<view>
<name>mIABISBiobank</name>
<caption><![CDATA[MIABIS Biobank]]></caption>
<row>
<textField>
<name>ST2</name>
<udn>iD</udn>
<caption><![CDATA[ID]]></caption>
<phi>false</phi>
<mandatory>false</mandatory>
<toolTip><![CDATA[]]></toolTip>
<showLabel>true</showLabel>
<showInGrid>false</showInGrid>
<width>8</width>
<defaultValue><![CDATA[]]></defaultValue>
<url>false</url>
<password>false</password>
</textField>
</row>
<row>
<textField>
<name>ST3</name>
<udn>uRL</udn>
<caption><![CDATA[URL]]></caption>
<phi>false</phi>
<mandatory>false</mandatory>
<toolTip><![CDATA[http-address for the biobank]]></toolTip>
<showLabel>true</showLabel>
<showInGrid>false</showInGrid>
<width>8</width>
<defaultValue><![CDATA[]]></defaultValue>
<url>false</url>
<password>false</password>
</textField>
</row>
<row>
<textField>
<name>ST4</name>
<udn>juristicPerson</udn>
<caption><![CDATA[Juristic Person]]></caption>
<phi>false</phi>
<mandatory>false</mandatory>
<toolTip><![CDATA[e.g. a university, concern, county council etc. for the biobank]]></toolTip>
<showLabel>true</showLabel>
<showInGrid>false</showInGrid>
<width>8</width>
<defaultValue><![CDATA[]]></defaultValue>
<url>false</url>
<password>false</password>
</textField>
</row>
<row>
<textArea>
<name>TA5</name>
<udn>description</udn>
<caption><![CDATA[Description]]></caption>
<phi>false</phi>
<mandatory>false</mandatory>
<toolTip><![CDATA[]]></toolTip>
<showLabel>true</showLabel>
<showInGrid>false</showInGrid>
<width>3</width>
<defaultValue><![CDATA[]]></defaultValue>
<height>3</height>
</textArea>
</row>
</view>
<skipRules>
</skipRules>
</form>
