<form>
<view>
<name>sampleQuality</name>
<caption><![CDATA[Sample Quality]]></caption>
<row>
<textField>
<name>ST2</name>
<udn>preCentrifugationTime</udn>
<caption><![CDATA[Pre-centrifugation time]]></caption>
<phi>false</phi>
<mandatory>false</mandatory>
<toolTip><![CDATA[]]></toolTip>
<showLabel>true</showLabel>
<showInGrid>false</showInGrid>
<width>8</width>
<defaultValue><![CDATA[]]></defaultValue>
<url>false</url>
<password>false</password>
</textField>
</row>
<row>
<textField>
<name>ST3</name>
<udn>postCentrifugationTime</udn>
<caption><![CDATA[Post-centrifugation time]]></caption>
<phi>false</phi>
<mandatory>false</mandatory>
<toolTip><![CDATA[]]></toolTip>
<showLabel>true</showLabel>
<showInGrid>false</showInGrid>
<width>8</width>
<defaultValue><![CDATA[]]></defaultValue>
<url>false</url>
<password>false</password>
</textField>
</row>
<row>
<dropDown>
<name>DD4</name>
<udn>storageTemperature</udn>
<caption><![CDATA[Storage temperature]]></caption>
<phi>false</phi>
<mandatory>false</mandatory>
<toolTip><![CDATA[]]></toolTip>
<showLabel>true</showLabel>
<showInGrid>false</showInGrid>
<options>
<option>
<value><![CDATA[RT]]></value>
</option>
<option>
<value><![CDATA[2C to 10C]]></value>
</option>
<option>
<value><![CDATA[-18C to -35C]]></value>
</option>
<option>
<value><![CDATA[-60C to -85C]]></value>
</option>
<option>
<value><![CDATA[LN]]></value>
</option>
</options>
<lazyLoad>true</lazyLoad>
<width>0</width>
<minQueryChars>0</minQueryChars>
</dropDown>
</row>
<row>
<textField>
<name>ST5</name>
<udn>otherTemperatureSpecify</udn>
<caption><![CDATA[Other temperature, specify]]></caption>
<phi>false</phi>
<mandatory>false</mandatory>
<toolTip><![CDATA[any other temperature or long time storage information]]></toolTip>
<showLabel>true</showLabel>
<showInGrid>false</showInGrid>
<width>8</width>
<defaultValue><![CDATA[]]></defaultValue>
<url>false</url>
<password>false</password>
</textField>
</row>
<row>
<dropDown>
<name>DD6</name>
<udn>lidTightnessControl</udn>
<caption><![CDATA[Lid tightness control]]></caption>
<phi>false</phi>
<mandatory>false</mandatory>
<toolTip><![CDATA[]]></toolTip>
<showLabel>true</showLabel>
<showInGrid>false</showInGrid>
<options>
<option>
<value><![CDATA[Yes]]></value>
</option>
<option>
<value><![CDATA[No]]></value>
</option>
</options>
<lazyLoad>true</lazyLoad>
<width>0</width>
<minQueryChars>0</minQueryChars>
</dropDown>
</row>
<row>
<listBox>
<name>MLB7</name>
<udn>stableMarkers</udn>
<caption><![CDATA[Stable markers]]></caption>
<phi>false</phi>
<mandatory>false</mandatory>
<toolTip><![CDATA[]]></toolTip>
<showLabel>true</showLabel>
<showInGrid>false</showInGrid>
<options>
<option>
<value><![CDATA[Sodium]]></value>
</option>
<option>
<value><![CDATA[Potassium]]></value>
</option>
</options>
<autoCompleteDropdown>false</autoCompleteDropdown>
<noOfRows>0</noOfRows>
<minQueryChars>3</minQueryChars>
<multiSelect>true</multiSelect>
</listBox>
</row>
<row>
<dropDown>
<name>DD8</name>
<udn>fasting</udn>
<caption><![CDATA[Fasting]]></caption>
<phi>false</phi>
<mandatory>false</mandatory>
<toolTip><![CDATA[]]></toolTip>
<showLabel>true</showLabel>
<showInGrid>false</showInGrid>
<options>
<option>
<value><![CDATA[Yes]]></value>
</option>
<option>
<value><![CDATA[No]]></value>
</option>
</options>
<lazyLoad>true</lazyLoad>
<width>0</width>
<minQueryChars>0</minQueryChars>
</dropDown>
</row>
<row>
<dropDown>
<name>DD9</name>
<udn>documentation</udn>
<caption><![CDATA[Documentation]]></caption>
<phi>false</phi>
<mandatory>false</mandatory>
<toolTip><![CDATA[]]></toolTip>
<showLabel>true</showLabel>
<showInGrid>false</showInGrid>
<options>
<option>
<value><![CDATA[Yes]]></value>
</option>
<option>
<value><![CDATA[No]]></value>
</option>
</options>
<lazyLoad>true</lazyLoad>
<width>0</width>
<minQueryChars>0</minQueryChars>
</dropDown>
</row>
</view>
<skipRules>
</skipRules>
</form>
