<?xml version="1.0" encoding="UTF-8"?>
<beans xmlns="http://www.springframework.org/schema/beans"
  xmlns:xsi="http://www.w3.org/2001/XMLSchema-instance"
  xsi:schemaLocation="http://www.springframework.org/schema/beans
  http://www.springframework.org/schema/beans/spring-beans-3.2.xsd">

  <bean id="jhu-epic-liquibase" class="liquibase.integration.spring.SpringLiquibase">
    <property name="dataSource" ref="dataSource"/>
    <property name="changeLog" value="classpath:com/krishagni/os/jhuepic/db-changelog.xml" />
  </bean> 
  
  <bean id="epicParticipantLookup" class="com.krishagni.os.jhuepic.EpicParticipantLookup">
    <property name="osDbLookup" ref="localDbParticipantLookup"/>
    <property name="daoFactory" ref="biospecimenDaoFactory"/>
    <property name="cfgSvc" ref="cfgSvc"/>
    <property name="participantSvc" ref="participantSvc"/>
    <property name="participantLookUpDao">
      <bean class="com.krishagni.os.jhuepic.dao.ParticipantLookupDao">
        <property name="sessionFactory" ref="sessionFactory"/>
      </bean>
    </property>
  </bean>
</beans>
