IDENTIFIER,CONCEPT_CODE,DEFINITION,PARENT_IDENTIFIER,VALUE,PUBLIC_ID,SORTORDER
getNextPvId(),,,null,"8000/1 Neoplasm, uncertain whether benign or malignant",Clinical_Diagnosis_PID,0
getNextPvId(),,,null,"8000/3 Neoplasm, malignant",Clinical_Diagnosis_PID,0
getNextPvId(),,,null,"8000/6 Neoplasm, metastatic",Clinical_Diagnosis_PID,0
getNextPvId(),,,null,"8001/0 Tumour cells, benign",Clinical_Diagnosis_PID,0
getNextPvId(),,,null,"8001/1 Tumour cells, uncertain whether benign or malignant",Clinical_Diagnosis_PID,0
getNextPvId(),,,null,"8001/3 Tumour cells, malignant",Clinical_Diagnosis_PID,0
getNextPvId(),,,null,"8002/3 Malignant tumour, small cell type",Clinical_Diagnosis_PID,0
getNextPvId(),,,null,"8003/3 Malignant tumour, giant cell type",Clinical_Diagnosis_PID,0
getNextPvId(),,,null,"8004/3 Malignant tumour, spindle cell type",Clinical_Diagnosis_PID,0
getNextPvId(),,,null,"8005/0 Clear cell tumour, NOS",Clinical_Diagnosis_PID,0
getNextPvId(),,,null,"8005/3 Malignant tumour, clear cell type",Clinical_Diagnosis_PID,0
getNextPvId(),,,null,"8010/0 Epithelial tumour, benign",Clinical_Diagnosis_PID,0
getNextPvId(),,,null,"8010/2 Carcinoma in situ, NOS",Clinical_Diagnosis_PID,0
getNextPvId(),,,null,"8010/3 Carcinoma, NOS",Clinical_Diagnosis_PID,0
getNextPvId(),,,null,"8010/6 Carcinoma, metastatic, NOS",Clinical_Diagnosis_PID,0
getNextPvId(),,,null,"8011/3 Epithelioma, malignant",Clinical_Diagnosis_PID,0
getNextPvId(),,,null,"8012/3 Large cell carcinoma, NOS",Clinical_Diagnosis_PID,0
getNextPvId(),,,null,8013/3 Large cell neuroendocrine carcinoma,Clinical_Diagnosis_PID,0
getNextPvId(),,,null,8014/3 Large cell carcinoma with rhabdoid phenotype,Clinical_Diagnosis_PID,0
getNextPvId(),,,null,8015/3 Glassy cell carcinoma,Clinical_Diagnosis_PID,0
getNextPvId(),,,null,"8020/3 Carcinoma, undifferentiated type, NOS",Clinical_Diagnosis_PID,0
getNextPvId(),,,null,"8021/3 Carcinoma, anaplastic type, NOS",Clinical_Diagnosis_PID,0
getNextPvId(),,,null,8022/3 Pleomorphic carcinoma,Clinical_Diagnosis_PID,0
getNextPvId(),,,null,8030/3 Giant cell and spindle cell carcinoma,Clinical_Diagnosis_PID,0
getNextPvId(),,,null,8031/3 Giant cell carcinoma,Clinical_Diagnosis_PID,0
getNextPvId(),,,null,8032/3 Spindle cell carcinoma,Clinical_Diagnosis_PID,0
getNextPvId(),,,null,8033/3 Pseudosarcomatous carcinoma,Clinical_Diagnosis_PID,0
getNextPvId(),,,null,8034/3 Polygonal cell carcinoma,Clinical_Diagnosis_PID,0
getNextPvId(),,,null,8035/3 Carcinoma with osteoclast-like giant cells,Clinical_Diagnosis_PID,0
getNextPvId(),,,null,"8041/3 Small cell carcinoma, NOS",Clinical_Diagnosis_PID,0
getNextPvId(),,,null,8042/3 Oat cell carcinoma,Clinical_Diagnosis_PID,0
getNextPvId(),,,null,"8043/3 Small cell carcinoma, fusiform cell",Clinical_Diagnosis_PID,0
getNextPvId(),,,null,"8044/3 Small cell carcinoma, intermediate cell",Clinical_Diagnosis_PID,0
getNextPvId(),,,null,8045/3 Combined small cell carcinoma,Clinical_Diagnosis_PID,0
getNextPvId(),,,null,8046/3 Non-small cell carcinoma,Clinical_Diagnosis_PID,0
getNextPvId(),,,null,"8050/0 Papilloma, NOS",Clinical_Diagnosis_PID,0
getNextPvId(),,,null,8050/2 Papillary carcinoma in situ,Clinical_Diagnosis_PID,0
getNextPvId(),,,null,"8050/3 Papillary carcinoma, NOS",Clinical_Diagnosis_PID,0
getNextPvId(),,,null,"8051/3 Verrucous carcinoma, NOS",Clinical_Diagnosis_PID,0
getNextPvId(),,,null,"8052/0 Squamous cell papilloma, NOS",Clinical_Diagnosis_PID,0
getNextPvId(),,,null,"8052/2 Papillary squamous cell carcinoma, non-invasive",Clinical_Diagnosis_PID,0
getNextPvId(),,,null,8052/3 Papillary squamous cell carcinoma,Clinical_Diagnosis_PID,0
getNextPvId(),,,null,"8070/2 Squamous cell carcinoma in situ, NOS",Clinical_Diagnosis_PID,0
getNextPvId(),,,null,"8070/3 Squamous cell carcinoma, NOS",Clinical_Diagnosis_PID,0
getNextPvId(),,,null,"8070/6 Squamous cell carcinoma, metastatic, NOS",Clinical_Diagnosis_PID,0
getNextPvId(),,,null,"8071/2 Squamous cell carcinoma, keratinizing, NOS, in situ",Clinical_Diagnosis_PID,0
getNextPvId(),,,null,"8071/3 Squamous cell carcinoma, keratinizing, NOS",Clinical_Diagnosis_PID,0
getNextPvId(),,,null,"8072/2 Squamous cell carcinoma, large cell, non-keratinizing, in situ",Clinical_Diagnosis_PID,0
getNextPvId(),,,null,"8072/3 Squamous cell carcinoma, large cell, non-keratinizing, NOS",Clinical_Diagnosis_PID,0
getNextPvId(),,,null,"8073/3 Squamous cell carcinoma, small cell, non-keratinizing",Clinical_Diagnosis_PID,0
getNextPvId(),,,null,"8074/3 Squamous cell carcinoma, spindle cell",Clinical_Diagnosis_PID,0
getNextPvId(),,,null,"8075/3 Squamous cell carcinoma, adenoid",Clinical_Diagnosis_PID,0
getNextPvId(),,,null,8076/2 Squamous cell carcinoma in situ with questionable stromal invasion,Clinical_Diagnosis_PID,0
getNextPvId(),,,null,"8076/3 Squamous cell carcinoma, micro-invasive",Clinical_Diagnosis_PID,0
getNextPvId(),,,null,"8077/2 Squamous intraepithelial neoplasia, grade III",Clinical_Diagnosis_PID,0
getNextPvId(),,,null,8078/3 Squamous cell carcinoma with horn formation,Clinical_Diagnosis_PID,0
getNextPvId(),,,null,8080/2 Queyrat erythroplasia,Clinical_Diagnosis_PID,0
getNextPvId(),,,null,8081/2 Bowen disease,Clinical_Diagnosis_PID,0
getNextPvId(),,,null,8082/3 Lymphoepithelial carcinoma,Clinical_Diagnosis_PID,0
getNextPvId(),,,null,8083/3 Basaloid squamous cell carcinoma,Clinical_Diagnosis_PID,0
getNextPvId(),,,null,"8084/3 Squamous cell carcinoma, clear cell type",Clinical_Diagnosis_PID,0
getNextPvId(),,,null,"8090/3 Basal cell carcinoma, NOS",Clinical_Diagnosis_PID,0
getNextPvId(),,,null,8091/3 Multifocal superficial basal cell carcinoma,Clinical_Diagnosis_PID,0
getNextPvId(),,,null,"8092/3 Infiltrating basal cell carcinoma, NOS",Clinical_Diagnosis_PID,0
getNextPvId(),,,null,"8093/3 Basal cell carcinoma, fibroepithelial",Clinical_Diagnosis_PID,0
getNextPvId(),,,null,8094/3 Basosquamous carcinoma,Clinical_Diagnosis_PID,0
getNextPvId(),,,null,8095/3 Metatypical carcinoma,Clinical_Diagnosis_PID,0
getNextPvId(),,,null,"8097/3 Basal cell carcinoma, nodular",Clinical_Diagnosis_PID,0
getNextPvId(),,,null,8098/3 Adenoid basal cell carcinoma,Clinical_Diagnosis_PID,0
getNextPvId(),,,null,8102/3 Trichilemmocarcinoma,Clinical_Diagnosis_PID,0
getNextPvId(),,,null,8110/3 Pilomatrix carcinoma,Clinical_Diagnosis_PID,0
getNextPvId(),,,null,"8120/1 Urothelial papilloma, NOS",Clinical_Diagnosis_PID,0
getNextPvId(),,,null,8120/2 Transitional cell carcinoma in situ,Clinical_Diagnosis_PID,0
getNextPvId(),,,null,"8120/3 Transitional cell carcinoma, NOS",Clinical_Diagnosis_PID,0
getNextPvId(),,,null,"8121/0 Schneiderian papilloma, NOS",Clinical_Diagnosis_PID,0
getNextPvId(),,,null,8121/3 Schneiderian carcinoma,Clinical_Diagnosis_PID,0
getNextPvId(),,,null,"8122/3 Trans. cell carcinoma, spindle cell",Clinical_Diagnosis_PID,0
getNextPvId(),,,null,8123/3 Basaloid carcinoma,Clinical_Diagnosis_PID,0
getNextPvId(),,,null,8124/3 Cloacogenic carcinoma,Clinical_Diagnosis_PID,0
getNextPvId(),,,null,8130/1 Papillary transitional cell neoplasm of low malignant potential,Clinical_Diagnosis_PID,0
getNextPvId(),,,null,"8130/2 Papillary transitional cell carcinoma, non-invasive",Clinical_Diagnosis_PID,0
getNextPvId(),,,null,8130/3 Papillary transitional cell carcinoma,Clinical_Diagnosis_PID,0
getNextPvId(),,,null,"8131/3 Transitional cell carcinoma, micropapillary",Clinical_Diagnosis_PID,0
getNextPvId(),,,null,"8140/0 Adenoma, NOS",Clinical_Diagnosis_PID,0
getNextPvId(),,,null,"8140/2 Adenocarcinoma in situ, NOS",Clinical_Diagnosis_PID,0
getNextPvId(),,,null,"8140/3 Adenocarcinoma, NOS",Clinical_Diagnosis_PID,0
getNextPvId(),,,null,"8140/6 Adenocarcinoma, metastatic, NOS",Clinical_Diagnosis_PID,0
getNextPvId(),,,null,8141/3 Scirrhous adenocarcinoma,Clinical_Diagnosis_PID,0
getNextPvId(),,,null,8142/3 Linitis plastica,Clinical_Diagnosis_PID,0
getNextPvId(),,,null,8143/3 Superficial spreading adenocarcinoma,Clinical_Diagnosis_PID,0
getNextPvId(),,,null,"8144/3 Adenocarcinoma, intestinal type",Clinical_Diagnosis_PID,0
getNextPvId(),,,null,"8145/3 Carcinoma, diffuse type",Clinical_Diagnosis_PID,0
getNextPvId(),,,null,8146/0 Monomorphic adenoma,Clinical_Diagnosis_PID,0
getNextPvId(),,,null,8147/3 Basal cell adenocarcinoma,Clinical_Diagnosis_PID,0
getNextPvId(),,,null,"8148/2 Glandular intraepithelial neoplasia, grade III",Clinical_Diagnosis_PID,0
getNextPvId(),,,null,8150/0 Islet cell adenoma,Clinical_Diagnosis_PID,0
getNextPvId(),,,null,8150/3 Islet cell carcinoma,Clinical_Diagnosis_PID,0
getNextPvId(),,,null,"8151/3 Insulinoma, malignant",Clinical_Diagnosis_PID,0
getNextPvId(),,,null,"8152/3 Glucagonoma, malignant",Clinical_Diagnosis_PID,0
getNextPvId(),,,null,"8153/3 Gastrinoma, malignant",Clinical_Diagnosis_PID,0
getNextPvId(),,,null,8154/3 Mixed islet cell & exocrine adenocarcinoma,Clinical_Diagnosis_PID,0
getNextPvId(),,,null,8155/3 Vipoma,Clinical_Diagnosis_PID,0
getNextPvId(),,,null,"8156/3 Somatostatinoma, malignant",Clinical_Diagnosis_PID,0
getNextPvId(),,,null,"8157/3 Enteroglucagonoma, malignant",Clinical_Diagnosis_PID,0
getNextPvId(),,,null,8160/3 Cholangiocarcinoma,Clinical_Diagnosis_PID,0
getNextPvId(),,,null,8161/3 Bile duct cystadenocarcinoma,Clinical_Diagnosis_PID,0
getNextPvId(),,,null,8162/3 Klatskin tumour,Clinical_Diagnosis_PID,0
getNextPvId(),,,null,8170/0 Liver cell adenoma,Clinical_Diagnosis_PID,0
getNextPvId(),,,null,"8170/3 Hepatocellular carcinoma, NOS",Clinical_Diagnosis_PID,0
getNextPvId(),,,null,"8171/3 Hepatocellular carcinoma, fibrolamellar",Clinical_Diagnosis_PID,0
getNextPvId(),3/1/9871,,null,"8172/3 Hepatocellular carcinoma, scirrhous",Clinical_Diagnosis_PID,0
getNextPvId(),8280/0,,null,"8173/3 Hepatocellular carcinoma, spindle cell variant",Clinical_Diagnosis_PID,0
getNextPvId(),3/1/8280,,null,"8174/3 Hepatocellular carcinoma, clear cell type",Clinical_Diagnosis_PID,0
getNextPvId(),3/1/8550,,null,"8175/3 Hepatocellular carcinoma, pleomorphic type",Clinical_Diagnosis_PID,0
getNextPvId(),3/1/8551,,null,8180/3 Combined hepatocellular carcinoma & cholangiocarcinoma,Clinical_Diagnosis_PID,0
getNextPvId(),3/1/8744,,null,8190/3 Trabecular adenocarcinoma,Clinical_Diagnosis_PID,0
getNextPvId(),3/1/9870,,null,8200/3 Adenoid cystic carcinoma,Clinical_Diagnosis_PID,0
getNextPvId(),3/1/9805,,null,8201/2 Cribriform carcinoma in situ,Clinical_Diagnosis_PID,0
getNextPvId(),3/1/9801,,null,8201/3 Cribriform carcinoma,Clinical_Diagnosis_PID,0
getNextPvId(),3/1/9828,,null,"8210/0 Adenomatous polyp, NOS",Clinical_Diagnosis_PID,0
getNextPvId(),3/1/9910,,null,8210/2 Adenocarcinoma in situ in adenomatous polyp,Clinical_Diagnosis_PID,0
getNextPvId(),3/1/9891,,null,8210/3 Adenocarcinoma in adenomatous polyp,Clinical_Diagnosis_PID,0
getNextPvId(),3/1/9895,,null,"8211/0 Tubular adenoma, NOS",Clinical_Diagnosis_PID,0
getNextPvId(),3/1/9861,,null,8211/3 Tubular adenocarcinoma,Clinical_Diagnosis_PID,0
getNextPvId(),3/1/9911,,null,8213/0 Serrated adenoma,Clinical_Diagnosis_PID,0
getNextPvId(),3/1/9869,,null,8214/3 Parietal cell carcinoma,Clinical_Diagnosis_PID,0
getNextPvId(),3/1/9874,,null,8215/3 Adenocarcinoma of anal glands,Clinical_Diagnosis_PID,0
getNextPvId(),3/1/9865,,null,8220/0 Adenomatous polyposis coli,Clinical_Diagnosis_PID,0
getNextPvId(),3/1/9873,,null,8220/2 Adenocarcinoma in situ in familial polyposis coli,Clinical_Diagnosis_PID,0
getNextPvId(),3/1/9897,,null,8220/3 Adenocarcinoma in adenomatous polyposis coli,Clinical_Diagnosis_PID,0
getNextPvId(),3/1/9840,,null,8221/2 Adenocarcinoma in situ in multiple adenomatous polyps,Clinical_Diagnosis_PID,0
getNextPvId(),3/1/9872,,null,8221/3 Adenocarcinoma in multiple adenomatous polyps,Clinical_Diagnosis_PID,0
getNextPvId(),3/1/9896,,null,"8230/2 Duct carcinoma in situ, solid type",Clinical_Diagnosis_PID,0
getNextPvId(),3/1/9867,,null,"8230/3 Solid carcinoma, NOS",Clinical_Diagnosis_PID,0
getNextPvId(),3/1/9931,,null,8231/3 Carcinoma simplex,Clinical_Diagnosis_PID,0
getNextPvId(),3/1/9866,,null,8240/1 Carcinoid tumour of uncertain malignant potential,Clinical_Diagnosis_PID,0
getNextPvId(),3/1/9261,,null,"8240/3 Carcinoid tumour, NOS",Clinical_Diagnosis_PID,0
getNextPvId(),1/1/9351,,null,8241/3 Enterochromaffin cell carcinoid,Clinical_Diagnosis_PID,0
getNextPvId(),2/1/8221,,null,"8242/3 Enterochromaffin-like cell tumour, malignant",Clinical_Diagnosis_PID,0
getNextPvId(),3/1/8245,,null,8243/3 Goblet cell carcinoid,Clinical_Diagnosis_PID,0
getNextPvId(),3/1/8220,,null,8244/3 Composite carcinoid,Clinical_Diagnosis_PID,0
getNextPvId(),3/1/8210,,null,8245/3 Adenocarcinoid tumour,Clinical_Diagnosis_PID,0
getNextPvId(),3/1/8221,,null,8246/3 Neuroendocrine carcinoma,Clinical_Diagnosis_PID,0
getNextPvId(),2/1/8140,,null,8247/3 Merkel cell carcinoma,Clinical_Diagnosis_PID,0
getNextPvId(),2/1/8210,,null,8249/3 Atypical carcinoid tumour,Clinical_Diagnosis_PID,0
getNextPvId(),2/1/8220,,null,8250/3 Bronchiolo-alveolar adenocarcinoma,Clinical_Diagnosis_PID,0
getNextPvId(),2/1/8263,,null,8251/3 Alveolar adenocarcinoma,Clinical_Diagnosis_PID,0
getNextPvId(),2/1/8261,,null,"8252/3 Bronchiolo-alveolar carcinoma, non-mucinous",Clinical_Diagnosis_PID,0
getNextPvId(),3/1/8263,,null,"8253/3 Bronchiolo-alveolar carcinoma, mucinous",Clinical_Diagnosis_PID,0
getNextPvId(),3/1/8261,,null,"8254/3 Bronchioalveolar carcinoma, mixed mucinous and non-mucinous",Clinical_Diagnosis_PID,0
getNextPvId(),3/1/8215,,null,8255/3 Adenocarcinoma with mixed subtypes,Clinical_Diagnosis_PID,0
getNextPvId(),3/1/8571,,null,"8260/0 Papillary adenoma, NOS",Clinical_Diagnosis_PID,0
getNextPvId(),3/1/8573,,null,"8260/3 Papillary adenocarcinoma, NOS",Clinical_Diagnosis_PID,0
getNextPvId(),3/1/8255,,null,"8261/0 Villous adenoma, NOS",Clinical_Diagnosis_PID,0
getNextPvId(),3/1/8574,,null,8261/2 Adenocarcinoma in situ in villous adenoma,Clinical_Diagnosis_PID,0
getNextPvId(),3/1/8572,,null,8261/3 Adenocarcinoma in villous adenoma,Clinical_Diagnosis_PID,0
getNextPvId(),3/1/8570,,null,8262/3 Villous adenocarcinoma,Clinical_Diagnosis_PID,0
getNextPvId(),3/1/8384,,null,"8263/0 Tubulovillous adenoma, NOS",Clinical_Diagnosis_PID,0
getNextPvId(),3/1/8144,,null,8263/2 Adenocarcinoma in situ in tubulovillous adenoma,Clinical_Diagnosis_PID,0
getNextPvId(),3/1/8140,,null,8263/3 Adenocarcinoma in tubulovillous adenoma,Clinical_Diagnosis_PID,0
getNextPvId(),3/1/8098,,null,"8264/0 Papillomatosis, glandular",Clinical_Diagnosis_PID,0
getNextPvId(),3/1/8200,,null,8270/0 Chromophobe adenoma,Clinical_Diagnosis_PID,0
getNextPvId(),8140/0,,null,8270/3 Chromophobe carcinoma,Clinical_Diagnosis_PID,0
getNextPvId(),3/1/8933,,null,8271/0 Prolactinoma,Clinical_Diagnosis_PID,0
getNextPvId(),3/1/8560,,null,"8272/0 Pituitary adenoma, NOS",Clinical_Diagnosis_PID,0
getNextPvId(),3/1/8370,,null,"8272/3 Pituitary carcinoma, NOS",Clinical_Diagnosis_PID,0
getNextPvId(),3/1/9827,,null,8280/0 Acidophil adenoma,Clinical_Diagnosis_PID,0
getNextPvId(),3/1/9948,,null,8280/3 Acidophil carcinoma,Clinical_Diagnosis_PID,0
getNextPvId(),3/1/9737,,null,8281/0 Mixed acidophil-basophil adenoma,Clinical_Diagnosis_PID,0
getNextPvId(),3/1/8251,,null,8281/3 Mixed acidophil-basophil carcinoma,Clinical_Diagnosis_PID,0
getNextPvId(),3/1/8920,,null,8290/0 Oxyphilic adenoma,Clinical_Diagnosis_PID,0
getNextPvId(),3/1/9581,,null,8290/3 Oxyphilic adenocarcinoma,Clinical_Diagnosis_PID,0
getNextPvId(),3/1/8730,,null,8300/0 Basophil adenoma,Clinical_Diagnosis_PID,0
getNextPvId(),3/1/9330,,null,8300/3 Basophil carcinoma,Clinical_Diagnosis_PID,0
getNextPvId(),3/1/9290,,null,8310/0 Clear cell adenoma,Clinical_Diagnosis_PID,0
getNextPvId(),3/1/9310,,null,"8310/3 Clear cell adenocarcinoma, NOS",Clinical_Diagnosis_PID,0
getNextPvId(),3/1/9714,,null,8312/3 Renal cell carcinoma,Clinical_Diagnosis_PID,0
getNextPvId(),3/1/8630,,null,8313/3 Clear cell adenocarcinofibroma,Clinical_Diagnosis_PID,0
getNextPvId(),3/1/9705,,null,8314/3 Lipid-rich carcinoma,Clinical_Diagnosis_PID,0
getNextPvId(),8861/0,,null,8315/3 Glycogen-rich carcinoma,Clinical_Diagnosis_PID,0
getNextPvId(),9534/0,,null,8316/3 Cyst-associated renal cell carcinoma,Clinical_Diagnosis_PID,0
getNextPvId(),3/1/8894,,null,"8317/3 Renal cell carcinoma, chromophobe type",Clinical_Diagnosis_PID,0
getNextPvId(),3/1/8691,,null,"8318/3 Renal cell carcinoma, sarcomatoid",Clinical_Diagnosis_PID,0
getNextPvId(),3/1/8401,,null,8319/3 Collecting duct carcinoma,Clinical_Diagnosis_PID,0
getNextPvId(),3/1/9365,,null,8320/3 Granular cell carcinoma,Clinical_Diagnosis_PID,0
getNextPvId(),3/1/9430,,null,8322/3 Water-clear cell adenocarcinoma,Clinical_Diagnosis_PID,0
getNextPvId(),3/1/9401,,null,8323/0 Mixed cell adenoma,Clinical_Diagnosis_PID,0
getNextPvId(),3/1/9400,,null,8323/3 Mixed cell adenocarcinoma,Clinical_Diagnosis_PID,0
getNextPvId(),3/1/8249,,null,8325/0 Metanephric adenoma,Clinical_Diagnosis_PID,0
getNextPvId(),1/1/9390,,null,8330/0 Follicular adenoma,Clinical_Diagnosis_PID,0
getNextPvId(),3/1/9876,,null,"8330/3 Follicular adenocarcinoma, NOS",Clinical_Diagnosis_PID,0
getNextPvId(),1/1/8850,,null,8331/3 Follicular adenocarcinoma well differentiated,Clinical_Diagnosis_PID,0
getNextPvId(),3/1/8513,,null,8332/3 Follicular adenocarcinoma trabecular,Clinical_Diagnosis_PID,0
getNextPvId(),1/1/9539,,null,"8333/0 Microfollicular adenoma, NOS",Clinical_Diagnosis_PID,0
getNextPvId(),3/1/9508,,null,8333/3 Fetal adenocarcinoma,Clinical_Diagnosis_PID,0
getNextPvId(),3/1/9817,,null,"8335/3 Follicular carcinoma, minimally invasive",Clinical_Diagnosis_PID,0
getNextPvId(),3/1/9815,,null,8337/3 Insular carcinoma,Clinical_Diagnosis_PID,0
getNextPvId(),3/1/9811,,null,"8340/3 Papillary carcinoma, follicular variant",Clinical_Diagnosis_PID,0
getNextPvId(),3/1/8722,,null,8341/3 Papillary microcarcinoma,Clinical_Diagnosis_PID,0
getNextPvId(),3/1/8147,,null,"8342/3 Papillary carcinoma, oxyphilic cell",Clinical_Diagnosis_PID,0
getNextPvId(),3/1/8093,,null,"8343/3 Papillary carcinoma, encapsulated",Clinical_Diagnosis_PID,0
getNextPvId(),3/1/8097,,null,"8344/3 Papillary carcinoma, columnar cell",Clinical_Diagnosis_PID,0
getNextPvId(),3/1/8090,,null,8345/3 Medullary carcinoma with amyloid stroma,Clinical_Diagnosis_PID,0
getNextPvId(),3/1/8123,,null,8346/3 Mixed medullary-follicular carcinoma,Clinical_Diagnosis_PID,0
getNextPvId(),3/1/8083,,null,8347/3 Mixed medullary-papillary carcinoma,Clinical_Diagnosis_PID,0
getNextPvId(),8300/0,,null,8350/3 Nonencapsulated sclerosing carcinoma,Clinical_Diagnosis_PID,0
getNextPvId(),3/1/8300,,null,"8370/0 Adrenal cortical adenoma, NOS",Clinical_Diagnosis_PID,0
getNextPvId(),3/1/8094,,null,8370/3 Adrenal cortical carcinoma,Clinical_Diagnosis_PID,0
getNextPvId(),3/1/8161,,null,"8380/1 Endometrioid adenoma, borderline malignancy",Clinical_Diagnosis_PID,0
getNextPvId(),3/1/8780,,null,"8380/3 Endometrioid adenocarcinoma, NOS",Clinical_Diagnosis_PID,0
getNextPvId(),2/1/8081,,null,"8381/3 Endometrioid adenofibroma, malignant",Clinical_Diagnosis_PID,0
getNextPvId(),3/1/9000,,null,"8382/3 Endometrioid adenocarcinoma, secretory variant",Clinical_Diagnosis_PID,0
getNextPvId(),3/1/8254,,null,"8383/3 Endometrioid adenocarcinoma, ciliated cell variant",Clinical_Diagnosis_PID,0
getNextPvId(),3/1/8250,,null,"8384/3 Adenocarcinoma, endocervical type",Clinical_Diagnosis_PID,0
getNextPvId(),3/1/8253,,null,8390/3 Skin appendage carcinoma,Clinical_Diagnosis_PID,0
getNextPvId(),3/1/8252,,null,8400/3 Sweat gland adenocarcinoma,Clinical_Diagnosis_PID,0
getNextPvId(),3/1/9826,,null,8401/3 Apocrine adenocarcinoma,Clinical_Diagnosis_PID,0
getNextPvId(),3/1/9687,,null,"8402/3 Nodular hidradenoma, malignant",Clinical_Diagnosis_PID,0
getNextPvId(),9131/0,,null,8403/3 Malignant eccrine spiradenoma,Clinical_Diagnosis_PID,0
getNextPvId(),3/1/8934,,null,8407/3 Sclerosing sweat duct carcinoma,Clinical_Diagnosis_PID,0
getNextPvId(),3/1/8240,,null,8408/3 Eccrine papillary adenocarcinoma,Clinical_Diagnosis_PID,0
getNextPvId(),3/1/8941,,null,"8409/3 Eccrine poroma, malignant",Clinical_Diagnosis_PID,0
getNextPvId(),2/1/8010,,null,8410/3 Sebaceous adenocarcinoma,Clinical_Diagnosis_PID,0
getNextPvId(),3/1/8589,,null,8413/3 Eccrine adenocarcinoma,Clinical_Diagnosis_PID,0
getNextPvId(),3/1/8231,,null,8420/3 Ceruminous adenocarcinoma,Clinical_Diagnosis_PID,0
getNextPvId(),3/1/8035,,null,8430/3 Mucoepidermoid carcinoma,Clinical_Diagnosis_PID,0
getNextPvId(),3/1/8021,,null,"8440/0 Cystadenoma, NOS",Clinical_Diagnosis_PID,0
getNextPvId(),3/1/8145,,null,"8440/3 Cystadenocarcinoma, NOS",Clinical_Diagnosis_PID,0
getNextPvId(),3/1/8010,,null,"8441/0 Serous cystadenoma, NOS",Clinical_Diagnosis_PID,0
getNextPvId(),3/1/8020,,null,"8441/3 Serous cystadenocarcinoma, NOS",Clinical_Diagnosis_PID,0
getNextPvId(),3/1/8981,,null,"8442/1 Serous cystadenoma, borderline malignancy (C56.9)",Clinical_Diagnosis_PID,0
getNextPvId(),3/1/8980,,null,"8450/3 Papillary cystadenocarcinoma, NOS",Clinical_Diagnosis_PID,0
getNextPvId(),3/1/8692,,null,"8451/1 Papillary cystadenoma, borderline malignancy (C56.9)",Clinical_Diagnosis_PID,0
getNextPvId(),9121/0,,null,8452/3 Solid pseudopapillary carcinoma,Clinical_Diagnosis_PID,0
getNextPvId(),3/1/9186,,null,"8453/2 Intraductal papillary-mucinous carcinoma, non-invasive",Clinical_Diagnosis_PID,0
getNextPvId(),1/1/9506,,null,"8453/3 Intraductal papillary-mucinous carcinoma, invasive",Clinical_Diagnosis_PID,0
getNextPvId(),3/1/9480,,null,"8460/0 Papillary serous cystadenoma, NOS",Clinical_Diagnosis_PID,0
getNextPvId(),3/1/8420,,null,8460/3 Papillary serous cystadenocarcinoma,Clinical_Diagnosis_PID,0
getNextPvId(),3/1/8160,,null,8461/3 Serous surface papillary carcinoma,Clinical_Diagnosis_PID,0
getNextPvId(),3/1/9181,,null,8462/1 Serous papillary cystic tumour of borderline malignancy (C56.9),Clinical_Diagnosis_PID,0
getNextPvId(),3/1/9230,,null,8463/1 Serous surface papillary tumour of borderline malignancy,Clinical_Diagnosis_PID,0
getNextPvId(),3/1/9371,,null,"8470/0 Mucinous cystadenoma, NOS",Clinical_Diagnosis_PID,0
getNextPvId(),3/1/9220,,null,"8470/2 Mucinous cystadenocarcinoma, non-invasive",Clinical_Diagnosis_PID,0
getNextPvId(),1/1/9444,,null,"8470/3 Mucinous cystadenocarcinoma, NOS",Clinical_Diagnosis_PID,0
getNextPvId(),3/1/9370,,null,8471/3 Papillary mucinous cystadenocarcinoma,Clinical_Diagnosis_PID,0
getNextPvId(),3/1/9100,,null,8472/1 Mucinous cystic tumour of borderline malignancy (C56.9),Clinical_Diagnosis_PID,0
getNextPvId(),3/1/9101,,null,"8473/1 Papillary mucinous cystadenoma, borderline malignancy (C56.9)",Clinical_Diagnosis_PID,0
getNextPvId(),3/1/9390,,null,8480/3 Mucinous adenocarcinoma,Clinical_Diagnosis_PID,0
getNextPvId(),9390/0,,null,8480/6 Pseudomyxoma peritonei,Clinical_Diagnosis_PID,0
getNextPvId(),8270/0,,null,8481/3 Mucin-producing adenocarcinoma,Clinical_Diagnosis_PID,0
getNextPvId(),3/1/8270,,null,"8482/3 Mucinous adenocarcinoma, endocervical type",Clinical_Diagnosis_PID,0
getNextPvId(),3/1/9823,,null,8490/3 Signet ring cell carcinoma,Clinical_Diagnosis_PID,0
getNextPvId(),3/1/9875,,null,8490/6 Metastatic signet ring cell carcinoma,Clinical_Diagnosis_PID,0
getNextPvId(),3/1/9863,,null,"8500/2 Intraductal carcinoma, noninfiltrating, NOS",Clinical_Diagnosis_PID,0
getNextPvId(),3/1/9945,,null,"8500/3 Infiltrating duct carcinoma, NOS",Clinical_Diagnosis_PID,0
getNextPvId(),3/1/9960,,null,"8501/2 Comedocarcinoma, non-infiltrating",Clinical_Diagnosis_PID,0
getNextPvId(),3/1/9963,,null,"8501/3 Comedocarcinoma, NOS",Clinical_Diagnosis_PID,0
getNextPvId(),3/1/8313,,null,8502/3 Secretory carcinoma of breast,Clinical_Diagnosis_PID,0
getNextPvId(),3/1/8310,,null,8503/0 Intraductal papilloma,Clinical_Diagnosis_PID,0
getNextPvId(),8310/0,,null,8503/2 Noninfiltrating intraductal papillary adenocarcinoma,Clinical_Diagnosis_PID,0
getNextPvId(),3/1/9242,,null,8503/3 Intraductal papillary adenocarcinoma with invasion,Clinical_Diagnosis_PID,0
getNextPvId(),1/1/9538,,null,8504/2 Noninfiltrating intracystic carcinoma,Clinical_Diagnosis_PID,0
getNextPvId(),3/1/8964,,null,"8504/3 Intracystic carcinoma, NOS",Clinical_Diagnosis_PID,0
getNextPvId(),3/1/9044,,null,8507/2 Intraductal micropapillary carcinoma,Clinical_Diagnosis_PID,0
getNextPvId(),8005/0,,null,8508/3 Cystic hypersecretory carcinoma,Clinical_Diagnosis_PID,0
getNextPvId(),3/1/8124,,null,"8510/3 Medullary carcinoma, NOS",Clinical_Diagnosis_PID,0
getNextPvId(),3/1/8319,,null,8512/3 Medullary carcinoma with lymphoid stroma,Clinical_Diagnosis_PID,0
getNextPvId(),3/1/8180,,null,8513/3 Atypical medullary carcinoma,Clinical_Diagnosis_PID,0
getNextPvId(),3/1/8045,,null,"8514/3 Duct carcinoma, desmoplastic type",Clinical_Diagnosis_PID,0
getNextPvId(),2/1/8501,,null,8520/2 Lobular carcinoma in situ,Clinical_Diagnosis_PID,0
getNextPvId(),3/1/8501,,null,"8520/3 Lobular carcinoma, NOS",Clinical_Diagnosis_PID,0
getNextPvId(),3/1/8244,,null,8521/3 Infiltrating ductular carcinoma,Clinical_Diagnosis_PID,0
getNextPvId(),3/1/9596,,null,8522/2 Intraductal carcinoma and lobular carcinoma in situ,Clinical_Diagnosis_PID,0
getNextPvId(),1/1/9350,,null,8522/3 Infiltrating duct and lobular carcinoma,Clinical_Diagnosis_PID,0
getNextPvId(),3/1/8201,,null,"8523/2 Infiltrating duct mixed with other types of carcinoma, in situ",Clinical_Diagnosis_PID,0
getNextPvId(),2/1/8201,,null,8523/3 Infiltrating duct mixed with other types of carcinoma,Clinical_Diagnosis_PID,0
getNextPvId(),3/1/9709,,null,8524/3 Infiltrating lobular mixed with other types of carcinoma,Clinical_Diagnosis_PID,0
getNextPvId(),3/1/8440,,null,8525/3 Polymorphous low grade adenocarcinoma,Clinical_Diagnosis_PID,0
getNextPvId(),3/1/8316,,null,8530/3 Inflammatory carcinoma,Clinical_Diagnosis_PID,0
getNextPvId(),3/1/8508,,null,"8540/3 Paget disease, mammary",Clinical_Diagnosis_PID,0
getNextPvId(),3/1/9243,,null,8541/3 Paget disease & infililtrating duct carcinoma,Clinical_Diagnosis_PID,0
getNextPvId(),3/1/9372,,null,"8542/3 Paget disease, extramammary",Clinical_Diagnosis_PID,0
getNextPvId(),3/1/8858,,null,8543/3 Paget disease and intraductal ca.,Clinical_Diagnosis_PID,0
getNextPvId(),3/1/8832,,null,8550/3 Acinar cell carcinoma,Clinical_Diagnosis_PID,0
getNextPvId(),9084/0,,null,8551/3 Acinar cell cystadenocarcinoma,Clinical_Diagnosis_PID,0
getNextPvId(),1/1/9412,,null,8560/3 Adenosquamous carcinoma,Clinical_Diagnosis_PID,0
getNextPvId(),3/1/9471,,null,8561/0 Adenolymphoma,Clinical_Diagnosis_PID,0
getNextPvId(),3/1/8745,,null,"8561/3 Warthin tumour, malignant",Clinical_Diagnosis_PID,0
getNextPvId(),3/1/8806,,null,8562/3 Epithelial-myoepithelial carcinoma,Clinical_Diagnosis_PID,0
getNextPvId(),8728/0,,null,8570/3 Adenocarcinoma with squamous metaplasia,Clinical_Diagnosis_PID,0
getNextPvId(),2/1/8230,,null,8571/3 Adenocarcinoma with cartilaginous and osseous metaplasia,Clinical_Diagnosis_PID,0
getNextPvId(),3/1/8514,,null,8572/3 Adenocarcinoma with spindle cell mataplasia,Clinical_Diagnosis_PID,0
getNextPvId(),9413/0,,null,8573/3 Adenocarcinoma with apocrine metaplasia,Clinical_Diagnosis_PID,0
getNextPvId(),3/1/9060,,null,8574/3 Adenocarcinoma with neuroendocrine differentiation,Clinical_Diagnosis_PID,0
getNextPvId(),9493/0,,null,"8575/3 Metaplastic carcinoma, NOS",Clinical_Diagnosis_PID,0
getNextPvId(),3/1/8413,,null,8576/3 Hepatoid adenocarcinoma,Clinical_Diagnosis_PID,0
getNextPvId(),3/1/8408,,null,"8580/0 Thymoma, benign",Clinical_Diagnosis_PID,0
getNextPvId(),3/1/8409,,null,"8580/3 Thymoma, malignant, NOS",Clinical_Diagnosis_PID,0
getNextPvId(),3/1/9070,,null,"8581/3 Thymoma, type A, malignant",Clinical_Diagnosis_PID,0
getNextPvId(),3/1/8910,,null,"8582/3 Thymoma, type AB, malignant",Clinical_Diagnosis_PID,0
getNextPvId(),3/1/8991,,null,"8583/3 Thymoma, type B1, malignant",Clinical_Diagnosis_PID,0
getNextPvId(),3/1/8930,,null,"8584/3 Thymoma, type B2, malignant",Clinical_Diagnosis_PID,0
getNextPvId(),3/1/8931,,null,"8585/3 Thymoma, type B3, malignant",Clinical_Diagnosis_PID,0
getNextPvId(),3/1/8383,,null,"8586/3 Thymic carcinoma, NOS",Clinical_Diagnosis_PID,0
getNextPvId(),3/1/8382,,null,8588/3 Spindle epithelial tumour with thymus-like element,Clinical_Diagnosis_PID,0
getNextPvId(),3/1/8381,,null,8589/3 Carcinoma showing thymus-like element,Clinical_Diagnosis_PID,0
getNextPvId(),3/1/8380,,null,"8590/3 Ovarian stromal tumour, mal.",Clinical_Diagnosis_PID,0
getNextPvId(),3/1/8241,,null,"8600/0 Thecoma, NOS",Clinical_Diagnosis_PID,0
getNextPvId(),3/1/8242,,null,"8600/3 Thecoma, malignant",Clinical_Diagnosis_PID,0
getNextPvId(),3/1/8157,,null,"8601/0 Thecoma, luteinized",Clinical_Diagnosis_PID,0
getNextPvId(),3/1/9392,,null,"8620/1 Granulosa cell tumour, adult type",Clinical_Diagnosis_PID,0
getNextPvId(),3/1/9391,,null,"8620/3 Granulosa cell tumour, malignant",Clinical_Diagnosis_PID,0
getNextPvId(),3/1/9052,,null,"8621/3 Granulosa cell-theca cell tumour, malignant",Clinical_Diagnosis_PID,0
getNextPvId(),8010/0,,null,"8630/3 Androblastoma, malignant",Clinical_Diagnosis_PID,0
getNextPvId(),3/1/8562,,null,"8631/3 Sertoli-Leydig cell tumour, poorly differentiated",Clinical_Diagnosis_PID,0
getNextPvId(),3/1/8771,,null,"8632/3 Gynandroblastoma, malignant",Clinical_Diagnosis_PID,0
getNextPvId(),3/1/9133,,null,"8634/3 Sertoli-Leydig cell tumour, poorly differentiated, with heterologous elements",Clinical_Diagnosis_PID,0
getNextPvId(),3/1/8891,,null,8640/3 Sertoli cell carcinoma,Clinical_Diagnosis_PID,0
getNextPvId(),3/1/8804,,null,"8650/3 Leydig cell tumour, malignant",Clinical_Diagnosis_PID,0
getNextPvId(),3/1/8011,,null,8670/0 Lipid cell tumour of ovary,Clinical_Diagnosis_PID,0
getNextPvId(),3/1/9962,,null,"8670/3 Steroid cell tumour, malignant",Clinical_Diagnosis_PID,0
getNextPvId(),3/1/9260,,null,"8680/0 Paraganglioma, benign",Clinical_Diagnosis_PID,0
getNextPvId(),3/1/8693,,null,"8680/1 Paraganglioma, NOS",Clinical_Diagnosis_PID,0
getNextPvId(),3/1/8813,,null,"8680/3 Paraganglioma, malignant",Clinical_Diagnosis_PID,0
getNextPvId(),3/1/8333,,null,"8691/3 Aortic body tumour, malignant",Clinical_Diagnosis_PID,0
getNextPvId(),3/1/9420,,null,"8692/3 Carotid body tumour, malignant",Clinical_Diagnosis_PID,0
getNextPvId(),3/1/8857,,null,"8693/3 Extra-adrenal paraganglioma, malignant",Clinical_Diagnosis_PID,0
getNextPvId(),3/1/9182,,null,"8700/0 Pheochromocytoma, NOS",Clinical_Diagnosis_PID,0
getNextPvId(),3/1/9759,,null,8700/3 Pheochromocytoma,Clinical_Diagnosis_PID,0
getNextPvId(),8851/0,,null,8710/3 Glomangiosarcoma,Clinical_Diagnosis_PID,0
getNextPvId(),8810/0,,null,8712/0 Glomangioma,Clinical_Diagnosis_PID,0
getNextPvId(),3/1/8811,,null,8720/2 Melanoma in situ,Clinical_Diagnosis_PID,0
getNextPvId(),3/1/8810,,null,"8720/3 Malignant melanoma, NOS",Clinical_Diagnosis_PID,0
getNextPvId(),3/1/8830,,null,8721/3 Nodular melanoma,Clinical_Diagnosis_PID,0
getNextPvId(),9532/0,,null,8722/3 Balloon cell melanoma,Clinical_Diagnosis_PID,0
getNextPvId(),3/1/9051,,null,"8723/3 Malignant melanoma, regressing",Clinical_Diagnosis_PID,0
getNextPvId(),3/1/8332,,null,8728/0 Diffuse melanocytosis,Clinical_Diagnosis_PID,0
getNextPvId(),3/1/8331,,null,8728/1 Meningeal melanocytoma,Clinical_Diagnosis_PID,0
getNextPvId(),3/1/8330,,null,8728/3 Meningeal melanomatosis,Clinical_Diagnosis_PID,0
getNextPvId(),3/1/8335,,null,8730/3 Amelanotic melanoma,Clinical_Diagnosis_PID,0
getNextPvId(),3/1/9758,,null,8740/3 Malignant  melanoma in junctional nevus,Clinical_Diagnosis_PID,0
getNextPvId(),3/1/9695,,null,"8741/2 Precancerous melanosis, NOS",Clinical_Diagnosis_PID,0
getNextPvId(),3/1/9691,,null,8741/3 Malignant  melanoma in precancerous melanosis,Clinical_Diagnosis_PID,0
getNextPvId(),3/1/9698,,null,8742/2 Lentigo maligna,Clinical_Diagnosis_PID,0
getNextPvId(),3/1/9690,,null,8742/3 Lentigo maligna melanoma,Clinical_Diagnosis_PID,0
getNextPvId(),9492/0,,null,"8743/2 Superficial spreading melanoma, in situ",Clinical_Diagnosis_PID,0
getNextPvId(),3/1/9505,,null,8743/3 Superficial spreading melanoma,Clinical_Diagnosis_PID,0
getNextPvId(),1/1/9505,,null,"8744/3 Acral lentiginous melanoma, malignant",Clinical_Diagnosis_PID,0
getNextPvId(),3/1/9490,,null,"8745/3 Desmoplastic melanoma, malignant",Clinical_Diagnosis_PID,0
getNextPvId(),9490/0,,null,8746/3 Mucosal lentiginous melanoma,Clinical_Diagnosis_PID,0
getNextPvId(),3/1/8153,,null,8761/3 Malignant melanoma in giant pigmented nevus,Clinical_Diagnosis_PID,0
getNextPvId(),3/1/8936,,null,8770/3 Mixed epithelium & spindle cell melanoma,Clinical_Diagnosis_PID,0
getNextPvId(),3/1/9411,,null,8771/3 Epithelioid cell melanoma,Clinical_Diagnosis_PID,0
getNextPvId(),3/1/9065,,null,"8772/3 Spindle cell melanoma, NOS",Clinical_Diagnosis_PID,0
getNextPvId(),3/1/9064,,null,"8773/3 Spindle cell melanoma, type A",Clinical_Diagnosis_PID,0
getNextPvId(),3/1/8030,,null,"8774/3 Spindle cell melanoma, type B",Clinical_Diagnosis_PID,0
getNextPvId(),3/1/8031,,null,"8780/3 Blue nevus, malignant",Clinical_Diagnosis_PID,0
getNextPvId(),3/1/9441,,null,"8800/0 Soft tissue tumour, benign",Clinical_Diagnosis_PID,0
getNextPvId(),3/1/8802,,null,"8800/3 Sarcoma, NOS",Clinical_Diagnosis_PID,0
getNextPvId(),3/1/9250,,null,8801/3 Spindle cell sarcoma,Clinical_Diagnosis_PID,0
getNextPvId(),2/1/8148,,null,8802/3 Giant cell sarcoma,Clinical_Diagnosis_PID,0
getNextPvId(),3/1/8015,,null,8803/3 Small cell sarcoma,Clinical_Diagnosis_PID,0
getNextPvId(),3/1/9440,,null,8804/3 Epithelioid sarcoma,Clinical_Diagnosis_PID,0
getNextPvId(),1/1/9442,,null,8805/3 Undifferentiated sarcoma,Clinical_Diagnosis_PID,0
getNextPvId(),3/1/9380,,null,8806/3 Desmoplastic small round cell tumour,Clinical_Diagnosis_PID,0
getNextPvId(),3/1/9381,,null,"8810/0 Fibroma, NOS",Clinical_Diagnosis_PID,0
getNextPvId(),3/1/9442,,null,"8810/3 Fibrosarcoma, NOS",Clinical_Diagnosis_PID,0
getNextPvId(),3/1/8710,,null,8811/3 Fibromyxosarcoma,Clinical_Diagnosis_PID,0
getNextPvId(),3/1/8152,,null,8812/3 Periosteal fibrosarcoma,Clinical_Diagnosis_PID,0
getNextPvId(),3/1/8315,,null,8813/3 Fascial fibrosarcoma,Clinical_Diagnosis_PID,0
getNextPvId(),3/1/8243,,null,8814/3 Infantile fibrosarcoma,Clinical_Diagnosis_PID,0
getNextPvId(),3/1/8320,,null,8815/0 Solitary fibrous tumour,Clinical_Diagnosis_PID,0
getNextPvId(),9582/0,,null,"8815/3 Solitary fibrous tumour, malignant",Clinical_Diagnosis_PID,0
getNextPvId(),3/1/9580,,null,8821/1 Aggressive fibromatosis,Clinical_Diagnosis_PID,0
getNextPvId(),9580/0,,null,8822/1 Abdominal fibromatosis,Clinical_Diagnosis_PID,0
getNextPvId(),3/1/8620,,null,"8825/1 Myofibroblastic tumour, NOS",Clinical_Diagnosis_PID,0
getNextPvId(),3/1/8621,,null,"8830/3 Fibrous histiocytoma, malignant",Clinical_Diagnosis_PID,0
getNextPvId(),3/1/8632,,null,"8832/3 Dermatofibrosarcoma, NOS",Clinical_Diagnosis_PID,0
getNextPvId(),3/1/9940,,null,8833/3 Pigmented dermatofibrosarcoma protuberans,Clinical_Diagnosis_PID,0
getNextPvId(),3/1/9762,,null,8840/3 Myxosarcoma,Clinical_Diagnosis_PID,0
getNextPvId(),1/1/9161,,null,"8850/0 Lipoma, NOS",Clinical_Diagnosis_PID,0
getNextPvId(),9130/0,,null,8850/1 Atypical lipoma,Clinical_Diagnosis_PID,0
getNextPvId(),3/1/9130,,null,"8850/3 Liposarcoma, NOS",Clinical_Diagnosis_PID,0
getNextPvId(),1/1/9130,,null,8851/0 Fibrolipoma,Clinical_Diagnosis_PID,0
getNextPvId(),9120/0,,null,"8851/3 Liposarcoma, well differentiated",Clinical_Diagnosis_PID,0
getNextPvId(),9150/0,,null,8852/3 Myxoid liposarcoma,Clinical_Diagnosis_PID,0
getNextPvId(),3/1/9150,,null,8853/3 Round cell liposarcoma,Clinical_Diagnosis_PID,0
getNextPvId(),1/1/9150,,null,8854/3 Pleomorphic liposarcoma,Clinical_Diagnosis_PID,0
getNextPvId(),3/1/9120,,null,8855/3 Mixed type liposarcoma,Clinical_Diagnosis_PID,0
getNextPvId(),3/1/8970,,null,8857/3 Fibroblastic liposarcoma,Clinical_Diagnosis_PID,0
getNextPvId(),3/1/8174,,null,8858/3 Dedifferentiated liposarcoma,Clinical_Diagnosis_PID,0
getNextPvId(),3/1/8171,,null,8860/0 Angiomyolipoma,Clinical_Diagnosis_PID,0
getNextPvId(),3/1/8170,,null,"8861/0 Angiolipoma, NOS",Clinical_Diagnosis_PID,0
getNextPvId(),3/1/8175,,null,8870/0 Myelolipoma,Clinical_Diagnosis_PID,0
getNextPvId(),3/1/8172,,null,"8890/0 Leiomyoma, NOS",Clinical_Diagnosis_PID,0
getNextPvId(),3/1/8173,,null,"8890/1 Leiomyomatosis, nOS",Clinical_Diagnosis_PID,0
getNextPvId(),3/1/8576,,null,"8890/3 Leiomyosarcoma, NOS",Clinical_Diagnosis_PID,0
getNextPvId(),3/1/9716,,null,8891/3 Epithelioid leiomyosarcoma,Clinical_Diagnosis_PID,0
getNextPvId(),3/1/9194,,null,8894/3 Angiomyosarcoma,Clinical_Diagnosis_PID,0
getNextPvId(),3/1/9755,,null,8895/3 Myosarcoma,Clinical_Diagnosis_PID,0
getNextPvId(),3/1/9661,,null,8896/3 Myxoid leiomyosarcoma,Clinical_Diagnosis_PID,0
getNextPvId(),3/1/9654,,null,"8897/1 Smooth muscle tumour, NOS",Clinical_Diagnosis_PID,0
getNextPvId(),3/1/9659,,null,"8900/0 Rhabdomyoma, NOS",Clinical_Diagnosis_PID,0
getNextPvId(),3/1/9655,,null,"8900/3 Rhabdomyosarcoma, NOS",Clinical_Diagnosis_PID,0
getNextPvId(),3/1/9651,,null,"8901/3 Pleomorphic rhabdomyosarcoma, adult type",Clinical_Diagnosis_PID,0
getNextPvId(),3/1/9653,,null,8902/3 Mixed type rhabdomyosarcoma,Clinical_Diagnosis_PID,0
getNextPvId(),3/1/9652,,null,8910/3 Embryonal rhabdomyosarcoma,Clinical_Diagnosis_PID,0
getNextPvId(),3/1/9664,,null,8912/3 Spindle cell rhabdomyosarcoma,Clinical_Diagnosis_PID,0
getNextPvId(),3/1/9665,,null,8920/3 Alveolar rhabdomyosarcoma,Clinical_Diagnosis_PID,0
getNextPvId(),3/1/9667,,null,8921/3 Rhabdomyosarcoma with ganglionic differentiation,Clinical_Diagnosis_PID,0
getNextPvId(),3/1/9663,,null,8930/3 Endometrial stromal sarcoma,Clinical_Diagnosis_PID,0
getNextPvId(),3/1/9650,,null,"8931/3 Endometrial stromal sarcoma, low grade",Clinical_Diagnosis_PID,0
getNextPvId(),3/1/9662,,null,8932/0 Adenomyoma,Clinical_Diagnosis_PID,0
getNextPvId(),3/1/9725,,null,8933/3 Adenosarcoma,Clinical_Diagnosis_PID,0
getNextPvId(),3/1/9964,,null,8934/3 Carcinofibroma,Clinical_Diagnosis_PID,0
getNextPvId(),3/1/9760,,null,"8935/0 Stromal tumour, benign",Clinical_Diagnosis_PID,0
getNextPvId(),3/1/9764,,null,"8935/3 Stromal sarcoma, NOS",Clinical_Diagnosis_PID,0
getNextPvId(),3/1/8814,,null,"8936/0 Gastrointestinal stromal tumour, benign",Clinical_Diagnosis_PID,0
getNextPvId(),3/1/8523,,null,"8936/1 Gastrointestinal stromal tumour, NOS",Clinical_Diagnosis_PID,0
getNextPvId(),2/1/8523,,null,8936/3 Gastrointestinal stromal sarcoma,Clinical_Diagnosis_PID,0
getNextPvId(),3/1/8092,,null,8940/0 Pleomorphic adenoma,Clinical_Diagnosis_PID,0
getNextPvId(),3/1/8522,,null,"8940/3 Mixed tumour, malignant, NOS",Clinical_Diagnosis_PID,0
getNextPvId(),3/1/8500,,null,8941/3 Carcinoma in pleomorphic adenoma,Clinical_Diagnosis_PID,0
getNextPvId(),3/1/8521,,null,8950/3 Mullerian mixed tumour,Clinical_Diagnosis_PID,0
getNextPvId(),3/1/8524,,null,8951/3 Mesodermal mixed tumour,Clinical_Diagnosis_PID,0
getNextPvId(),3/1/8530,,null,8959/3 Malignant cystic nephroma,Clinical_Diagnosis_PID,0
getNextPvId(),3/1/9187,,null,8960/1 Mesoblastic nephroma,Clinical_Diagnosis_PID,0
getNextPvId(),3/1/8337,,null,"8960/3 Nephroblastoma, NOS",Clinical_Diagnosis_PID,0
getNextPvId(),3/1/8151,,null,8963/3 Malignant rhabdoid tumour,Clinical_Diagnosis_PID,0
getNextPvId(),3/1/9757,,null,8964/3 Clear cell sarcoma of kidney,Clinical_Diagnosis_PID,0
getNextPvId(),3/1/9717,,null,8970/3 Hepatoblastoma,Clinical_Diagnosis_PID,0
getNextPvId(),3/1/9195,,null,8971/3 Pancreatoblastoma,Clinical_Diagnosis_PID,0
getNextPvId(),3/1/8504,,null,8972/3 Pulmonary blastoma,Clinical_Diagnosis_PID,0
getNextPvId(),2/1/8522,,null,8973/3 Pleuropulmonary blastoma,Clinical_Diagnosis_PID,0
getNextPvId(),2/1/8500,,null,"8980/3 Carcinosarcoma, NOS",Clinical_Diagnosis_PID,0
getNextPvId(),2/1/8507,,null,"8981/3 Carcinosarcoma, embryonal type",Clinical_Diagnosis_PID,0
getNextPvId(),3/1/8503,,null,8982/3 Malignant myoepithelioma,Clinical_Diagnosis_PID,0
getNextPvId(),3/1/8453,,null,"8990/3 Mesenchymoma, malignant",Clinical_Diagnosis_PID,0
getNextPvId(),2/1/8453,,null,8991/3 Embryonal sarcoma,Clinical_Diagnosis_PID,0
getNextPvId(),2/1/9064,,null,"9000/3 Brenner tumour, malignant",Clinical_Diagnosis_PID,0
getNextPvId(),3/1/9712,,null,"9010/0 Fibroadenoma, NOS",Clinical_Diagnosis_PID,0
getNextPvId(),3/1/8150,,null,"9013/0 Adenofibroma, NOS",Clinical_Diagnosis_PID,0
getNextPvId(),3/1/9946,,null,"9014/0 Serous adenofibroma, NOS",Clinical_Diagnosis_PID,0
getNextPvId(),3/1/9221,,null,9014/3 Serous adenocarcinofibroma,Clinical_Diagnosis_PID,0
getNextPvId(),3/1/9140,,null,9015/3 Mucinous adenocarcinofibroma,Clinical_Diagnosis_PID,0
getNextPvId(),3/1/8162,,null,"9020/0 Phyllodes tumour, benign",Clinical_Diagnosis_PID,0
getNextPvId(),3/1/9124,,null,"9020/1 Phyllodes tumour, borderline",Clinical_Diagnosis_PID,0
getNextPvId(),3/1/9754,,null,"9020/3 Phyllodes tumour, malignant",Clinical_Diagnosis_PID,0
getNextPvId(),3/1/9751,,null,"9040/3 Synovial sarcoma, NOS",Clinical_Diagnosis_PID,0
getNextPvId(),3/1/9756,,null,"9041/3 Synovial sarcoma, spindle cell",Clinical_Diagnosis_PID,0
getNextPvId(),3/1/8014,,null,"9042/3 Synovial sarcoma, epithelioid cell",Clinical_Diagnosis_PID,0
getNextPvId(),3/1/8012,,null,"9043/3 Synovial sarcoma, biphasic",Clinical_Diagnosis_PID,0
getNextPvId(),3/1/9474,,null,"9044/3 Clear cell sarcoma,NOS",Clinical_Diagnosis_PID,0
getNextPvId(),3/1/8013,,null,"9050/3 Mesothelioma, malignant",Clinical_Diagnosis_PID,0
getNextPvId(),8890/0,,null,"9051/3 Fibrous mesothelioma, malignant",Clinical_Diagnosis_PID,0
getNextPvId(),1/1/8890,,null,"9052/3 Epithelial mesothelioma, malignant",Clinical_Diagnosis_PID,0
getNextPvId(),3/1/8890,,null,"9053/3 Mesothelioma, biphasic, malignant",Clinical_Diagnosis_PID,0
getNextPvId(),2/1/8742,,null,9060/3 Dysgerminoma,Clinical_Diagnosis_PID,0
getNextPvId(),3/1/8742,,null,"9061/3 Seminoma, NOS",Clinical_Diagnosis_PID,0
getNextPvId(),3/1/9800,,null,"9062/3 Seminoma, anaplastic",Clinical_Diagnosis_PID,0
getNextPvId(),3/1/9816,,null,9063/3 Spermatocytic seminoma,Clinical_Diagnosis_PID,0
getNextPvId(),3/1/9818,,null,9064/2 Intratubular malignant germ cells,Clinical_Diagnosis_PID,0
getNextPvId(),3/1/9814,,null,9064/3 Germinoma,Clinical_Diagnosis_PID,0
getNextPvId(),3/1/9812,,null,"9065/3 Germ cell tumour, nonseminomatous",Clinical_Diagnosis_PID,0
getNextPvId(),3/1/9813,,null,"9070/3 Embryonal carcinoma, NOS",Clinical_Diagnosis_PID,0
getNextPvId(),3/1/8650,,null,9071/3 Yolk sac tumour,Clinical_Diagnosis_PID,0
getNextPvId(),3/1/8142,,null,9072/3 Polyembryoma,Clinical_Diagnosis_PID,0
getNextPvId(),3/1/8314,,null,"9080/0 Teratoma, benign",Clinical_Diagnosis_PID,0
getNextPvId(),8850/0,,null,"9080/1 Teratoma, NOS",Clinical_Diagnosis_PID,0
getNextPvId(),3/1/8850,,null,"9080/3 Teratoma, malignant, NOS",Clinical_Diagnosis_PID,0
getNextPvId(),3/1/8851,,null,9081/3 Teratocarcinoma,Clinical_Diagnosis_PID,0
getNextPvId(),2/1/8520,,null,"9082/3 Malignant teratoma, undifferentiated",Clinical_Diagnosis_PID,0
getNextPvId(),3/1/8520,,null,"9083/3 Malignant teratoma, intermediate",Clinical_Diagnosis_PID,0
getNextPvId(),3/1/9738,,null,"9084/0 Dermoid cyst, NOS",Clinical_Diagnosis_PID,0
getNextPvId(),3/1/9170,,null,9084/3 Teratoma with malig. transformation,Clinical_Diagnosis_PID,0
getNextPvId(),3/1/8082,,null,9085/3 Mixed germ cell tumour,Clinical_Diagnosis_PID,0
getNextPvId(),3/1/9820,,null,"9090/0 Struma ovarii, NOS",Clinical_Diagnosis_PID,0
getNextPvId(),3/1/8761,,null,"9090/3 Struma ovarii, malignant",Clinical_Diagnosis_PID,0
getNextPvId(),3/1/8740,,null,9100/3 Choriocarcinoma,Clinical_Diagnosis_PID,0
getNextPvId(),3/1/8741,,null,9101/3 Choriocarcinoma combined w/ other germ cell elements,Clinical_Diagnosis_PID,0
getNextPvId(),3/1/8959,,null,"9102/3 Malignant teratoma, trophoblastic",Clinical_Diagnosis_PID,0
getNextPvId(),3/1/8403,,null,9104/3 Malignant placental site trophoblastic tumour,Clinical_Diagnosis_PID,0
getNextPvId(),3/1/9251,,null,"9105/3 Trophoblastic tumour, epithelioid",Clinical_Diagnosis_PID,0
getNextPvId(),3/1/9750,,null,"9110/3 Mesonephroma, malignant",Clinical_Diagnosis_PID,0
getNextPvId(),3/1/9591,,null,"9120/0 Hemangioma, NOS",Clinical_Diagnosis_PID,0
getNextPvId(),3/1/9590,,null,9120/3 Hemangiosarcoma,Clinical_Diagnosis_PID,0
getNextPvId(),3/1/9741,,null,9121/0 Cavernous hemangioma,Clinical_Diagnosis_PID,0
getNextPvId(),3/1/8720,,null,9122/0 Venous hemangioma,Clinical_Diagnosis_PID,0
getNextPvId(),3/1/8723,,null,9124/3 Kupffer cell sarcoma,Clinical_Diagnosis_PID,0
getNextPvId(),3/1/8982,,null,"9130/0 Hemangioendothelioma, benign",Clinical_Diagnosis_PID,0
getNextPvId(),3/1/9540,,null,"9130/1 Hemangioendothelioma, NOS",Clinical_Diagnosis_PID,0
getNextPvId(),3/1/9104,,null,"9130/3 Hemangioendothelioma, malignant",Clinical_Diagnosis_PID,0
getNextPvId(),3/1/8963,,null,9131/0 Capillary hemangioma,Clinical_Diagnosis_PID,0
getNextPvId(),3/1/9252,,null,"9133/3 Epithelioid hemangioendothelioma, malignant",Clinical_Diagnosis_PID,0
getNextPvId(),3/1/9083,,null,9140/3 Kaposi sarcoma,Clinical_Diagnosis_PID,0
getNextPvId(),3/1/9102,,null,"9150/0 Hemangiopericytoma, benign",Clinical_Diagnosis_PID,0
getNextPvId(),3/1/9082,,null,"9150/1 Hemangiopericytoma, NOS",Clinical_Diagnosis_PID,0
getNextPvId(),3/1/8005,,null,"9150/3 Hemangiopericytoma, malignant",Clinical_Diagnosis_PID,0
getNextPvId(),3/1/8003,,null,9161/1 Hemangioblastoma,Clinical_Diagnosis_PID,0
getNextPvId(),3/1/8002,,null,9170/3 Lymphangiosarcoma,Clinical_Diagnosis_PID,0
getNextPvId(),3/1/8004,,null,"9180/0 Osteoma, NOS",Clinical_Diagnosis_PID,0
getNextPvId(),3/1/9673,,null,"9180/3 Osteosarcoma, NOS",Clinical_Diagnosis_PID,0
getNextPvId(),3/1/9699,,null,9181/3 Chondroblastic osteosarcoma,Clinical_Diagnosis_PID,0
getNextPvId(),3/1/9742,,null,9182/3 Fibroblastic osteosarcoma,Clinical_Diagnosis_PID,0
getNextPvId(),3/1/9740,,null,9183/3 Telangiectatic osteosarcoma,Clinical_Diagnosis_PID,0
getNextPvId(),3/1/9702,,null,9184/3 Osteosarcoma in Paget disease,Clinical_Diagnosis_PID,0
getNextPvId(),3/1/9679,,null,9185/3 Small cell osteosarcoma,Clinical_Diagnosis_PID,0
getNextPvId(),3/1/8345,,null,9186/3 Central osteosarcoma,Clinical_Diagnosis_PID,0
getNextPvId(),3/1/8512,,null,9187/3 Instrosseous well differentiated osteosarcoma,Clinical_Diagnosis_PID,0
getNextPvId(),3/1/8510,,null,9192/3 Parosteal osteosarcoma,Clinical_Diagnosis_PID,0
getNextPvId(),3/1/9470,,null,9193/3 Periosteal osteosarcoma,Clinical_Diagnosis_PID,0
getNextPvId(),3/1/9501,,null,9194/3 High grade surface osteosarcoma,Clinical_Diagnosis_PID,0
getNextPvId(),3/1/9472,,null,9195/3 Intracortical osteosarcoma,Clinical_Diagnosis_PID,0
getNextPvId(),2/1/8720,,null,9210/0 Osteochondroma,Clinical_Diagnosis_PID,0
getNextPvId(),9541/0,,null,"9220/0 Chondroma, NOS",Clinical_Diagnosis_PID,0
getNextPvId(),1/1/8728,,null,"9220/3 Chondrosarcoma, NOS",Clinical_Diagnosis_PID,0
getNextPvId(),3/1/8728,,null,9221/3 Juxtacortical chondrosarcoma,Clinical_Diagnosis_PID,0
getNextPvId(),3/1/9539,,null,"9230/0 Chondroblastoma, NOS",Clinical_Diagnosis_PID,0
getNextPvId(),3/1/9530,,null,"9230/3 Chondroblastoma, malignant",Clinical_Diagnosis_PID,0
getNextPvId(),9530/0,,null,9231/3 Myxoid chondrosarcoma,Clinical_Diagnosis_PID,0
getNextPvId(),1/1/9530,,null,9240/3 Mesenchymal chondrosarcoma,Clinical_Diagnosis_PID,0
getNextPvId(),9531/0,,null,9242/3 Clear cell chondrosarcoma,Clinical_Diagnosis_PID,0
getNextPvId(),3/1/8247,,null,9243/3 Dedifferentiated chondrosarcoma,Clinical_Diagnosis_PID,0
getNextPvId(),3/1/9240,,null,"9250/3 Giant cell tumour of bone, malignant",Clinical_Diagnosis_PID,0
getNextPvId(),3/1/8990,,null,9251/3 Malignant giant cell tumour of soft parts,Clinical_Diagnosis_PID,0
getNextPvId(),3/1/8951,,null,9252/0 Tenosynovial giant cell tumour,Clinical_Diagnosis_PID,0
getNextPvId(),3/1/9110,,null,9252/3 Malignant tenosynovial giant cell tumour,Clinical_Diagnosis_PID,0
getNextPvId(),3/1/9053,,null,9260/3 Ewing sarcoma,Clinical_Diagnosis_PID,0
getNextPvId(),3/1/9050,,null,9261/3 Adamantinoma of long bones,Clinical_Diagnosis_PID,0
getNextPvId(),3/1/8575,,null,"9270/1 Odontogenic tumour, NOS",Clinical_Diagnosis_PID,0
getNextPvId(),3/1/8095,,null,"9270/3 Odontogenic tumour, malignant",Clinical_Diagnosis_PID,0
getNextPvId(),8281/0,,null,9290/3 Ameloblastic odontosarcoma,Clinical_Diagnosis_PID,0
getNextPvId(),3/1/8281,,null,"9310/0 Ameloblastoma, NOS",Clinical_Diagnosis_PID,0
getNextPvId(),3/1/8323,,null,"9310/3 Ameloblastoma, malignant",Clinical_Diagnosis_PID,0
getNextPvId(),8323/0,,null,9330/3 Ameloblastic fibrosarcoma,Clinical_Diagnosis_PID,0
getNextPvId(),3/1/8770,,null,9342/3 Odontogenic carcinosarcoma,Clinical_Diagnosis_PID,0
getNextPvId(),3/1/9085,,null,9350/1 Craniopharyngioma,Clinical_Diagnosis_PID,0
getNextPvId(),3/1/9382,,null,9351/1 Adamantinomatous craniopharyngioma,Clinical_Diagnosis_PID,0
getNextPvId(),3/1/8154,,null,9352/1 Papillary craniopharyngioma,Clinical_Diagnosis_PID,0
getNextPvId(),3/1/8346,,null,"9360/1 Pinealoma, NOS",Clinical_Diagnosis_PID,0
getNextPvId(),3/1/8347,,null,9361/1 Pineocytoma,Clinical_Diagnosis_PID,0
getNextPvId(),3/1/9806,,null,9362/3 Pineoblastoma,Clinical_Diagnosis_PID,0
getNextPvId(),3/1/9807,,null,9364/3 Peripheral neuroectodermal tumour,Clinical_Diagnosis_PID,0
getNextPvId(),3/1/9808,,null,9365/3 Askin tumour,Clinical_Diagnosis_PID,0
getNextPvId(),3/1/9809,,null,"9370/3 Chordoma, NOS",Clinical_Diagnosis_PID,0
getNextPvId(),3/1/8940,,null,9371/3 Chondroid chordoma,Clinical_Diagnosis_PID,0
getNextPvId(),3/1/8855,,null,9372/3 Dedifferentiated chordoma,Clinical_Diagnosis_PID,0
getNextPvId(),3/1/8902,,null,"9380/3 Glioma, malignant",Clinical_Diagnosis_PID,0
getNextPvId(),3/1/9680,,null,9381/3 Gliomatosis cerebri,Clinical_Diagnosis_PID,0
getNextPvId(),3/1/9684,,null,9382/3 Mixed glioma,Clinical_Diagnosis_PID,0
getNextPvId(),3/1/9671,,null,9383/1 Subependymoma,Clinical_Diagnosis_PID,0
getNextPvId(),3/1/9675,,null,9384/1 Supependymal giant cell astrocytoma,Clinical_Diagnosis_PID,0
getNextPvId(),3/1/9670,,null,"9390/0 Choroid plexus papilloma, NOS",Clinical_Diagnosis_PID,0
getNextPvId(),8146/0,,null,9390/1 Atypical choroid plexus papilloma,Clinical_Diagnosis_PID,0
getNextPvId(),3/1/9561,,null,"9390/3 Choroid plexus papilloma, malignant",Clinical_Diagnosis_PID,0
getNextPvId(),3/1/9015,,null,"9391/3 Ependymoma, NOS",Clinical_Diagnosis_PID,0
getNextPvId(),3/1/8480,,null,"9392/3 Ependymoma, anaplastic",Clinical_Diagnosis_PID,0
getNextPvId(),3/1/8482,,null,9393/3 Papillary ependymoma,Clinical_Diagnosis_PID,0
getNextPvId(),2/1/8470,,null,9394/1 Myxopapillary ependymoma,Clinical_Diagnosis_PID,0
getNextPvId(),3/1/8470,,null,"9400/3 Astrocytoma, NOS",Clinical_Diagnosis_PID,0
getNextPvId(),1/1/8472,,null,"9401/3 Astrocytoma, anaplastic",Clinical_Diagnosis_PID,0
getNextPvId(),3/1/8481,,null,9410/3 Protoplasmic astrocytoma,Clinical_Diagnosis_PID,0
getNextPvId(),3/1/8430,,null,9411/3 Gemistocytic astrocytoma,Clinical_Diagnosis_PID,0
getNextPvId(),3/1/8746,,null,9412/1 Desmoplastic infantile astrocytoma,Clinical_Diagnosis_PID,0
getNextPvId(),3/1/8950,,null,9413/0 Dysembryoplastic neuroepithelial tumour,Clinical_Diagnosis_PID,0
getNextPvId(),3/1/8091,,null,9420/3 Fibrillary astrocytoma,Clinical_Diagnosis_PID,0
getNextPvId(),3/1/9732,,null,9421/1 Pilocytic astrocytoma,Clinical_Diagnosis_PID,0
getNextPvId(),3/1/9700,,null,9421/3 Pilocytic astrocytoma,Clinical_Diagnosis_PID,0
getNextPvId(),3/1/9986,,null,9423/3 Polar spongioblastoma,Clinical_Diagnosis_PID,0
getNextPvId(),3/1/9989,,null,9424/3 Pleomorphic xanthoastrocytoma,Clinical_Diagnosis_PID,0
getNextPvId(),3/1/9975,,null,9430/3 Astroblastoma,Clinical_Diagnosis_PID,0
getNextPvId(),3/1/9967,,null,"9440/3 Glioblastoma, NOS",Clinical_Diagnosis_PID,0
getNextPvId(),3/1/9966,,null,9441/3 Giant cell glioblastoma,Clinical_Diagnosis_PID,0
getNextPvId(),3/1/9965,,null,9442/1 Gliofibroma,Clinical_Diagnosis_PID,0
getNextPvId(),3/1/9898,,null,9442/3 Gliosarcoma,Clinical_Diagnosis_PID,0
getNextPvId(),3/1/9860,,null,9444/1 Chordoid glioma,Clinical_Diagnosis_PID,0
getNextPvId(),3/1/9930,,null,"9450/3 Oligodendroglioma, NOS",Clinical_Diagnosis_PID,0
getNextPvId(),3/1/9961,,null,"9451/3 Oligodendroglioma, anaplastic",Clinical_Diagnosis_PID,0
getNextPvId(),3/1/8895,,null,9460/3 Oligodendroblastoma,Clinical_Diagnosis_PID,0
getNextPvId(),3/1/9231,,null,"9470/3 Medulloblastoma, NOS",Clinical_Diagnosis_PID,0
getNextPvId(),3/1/8896,,null,9471/3 Desmoplastic medulloblastoma,Clinical_Diagnosis_PID,0
getNextPvId(),3/1/8852,,null,9472/3 Medullomyoblastoma,Clinical_Diagnosis_PID,0
getNextPvId(),1/1/9394,,null,9473/3 Primitive neuroectodermal tumour,Clinical_Diagnosis_PID,0
getNextPvId(),3/1/8840,,null,9474/3 Large cell medulloblastoma,Clinical_Diagnosis_PID,0
getNextPvId(),8000/0,,null,"9480/3 Cerebellar sarcoma, NOS",Clinical_Diagnosis_PID,0
getNextPvId(),3/1/8000,,null,9490/0 Ganglioneuroma,Clinical_Diagnosis_PID,0
getNextPvId(),1/1/8000,,null,9490/3 Ganglioneuroblastoma,Clinical_Diagnosis_PID,0
getNextPvId(),3/1/8960,,null,9492/0 Gangliocytoma,Clinical_Diagnosis_PID,0
getNextPvId(),3/1/9560,,null,9493/0 Dysplastic gangliocytoma of cerebellum (Lhermitte-Duclos),Clinical_Diagnosis_PID,0
getNextPvId(),9560/0,,null,"9500/3 Neuroblastoma, NOS",Clinical_Diagnosis_PID,0
getNextPvId(),1/1/9560,,null,"9501/3 Medulloepithelioma, NOS",Clinical_Diagnosis_PID,0
getNextPvId(),3/1/9500,,null,9502/3 Teratoid medulloepithelioma,Clinical_Diagnosis_PID,0
getNextPvId(),3/1/8246,,null,"9503/3 Neuroepithelioma, NOS",Clinical_Diagnosis_PID,0
getNextPvId(),3/1/9503,,null,9504/3 Spongioneuroblastoma,Clinical_Diagnosis_PID,0
getNextPvId(),9540/0,,null,"9505/1 Ganglioglioma, NOS",Clinical_Diagnosis_PID,0
getNextPvId(),1/1/9540,,null,"9505/3 Ganglioglioma, anaplastic",Clinical_Diagnosis_PID,0
getNextPvId(),9570/0,,null,9506/1 Centrol neurocytoma,Clinical_Diagnosis_PID,0
getNextPvId(),9562/0,,null,9508/3 Atypical teratoid/rhabdoid tumour,Clinical_Diagnosis_PID,0
getNextPvId(),3/1/9719,,null,"9510/3 Retinoblastoma, NOS",Clinical_Diagnosis_PID,0
getNextPvId(),3/1/8402,,null,"9511/3 Retinoblastoma, differentiated",Clinical_Diagnosis_PID,0
getNextPvId(),3/1/8721,,null,"9512/3 Retinoblastoma, undifferentiated",Clinical_Diagnosis_PID,0
getNextPvId(),3/1/8350,,null,"9513/3 Retinoblastoma, diffuse",Clinical_Diagnosis_PID,0
getNextPvId(),2/1/8504,,null,9520/3 Olfactory neurogenic tumour,Clinical_Diagnosis_PID,0
getNextPvId(),2/1/8503,,null,9521/3 Olfactory neurcytoma,Clinical_Diagnosis_PID,0
getNextPvId(),3/1/8046,,null,9522/3 Olfactory neuroblastoma,Clinical_Diagnosis_PID,0
getNextPvId(),Z9989,,null,9523/3 Olfactory neuroepithelioma,Clinical_Diagnosis_PID,0
getNextPvId(),3/1/8042,,null,"9530/0 Meningioma, NOS",Clinical_Diagnosis_PID,0
getNextPvId(),3/1/9342,,null,"9530/1 Meningiomatosis, NOS",Clinical_Diagnosis_PID,0
getNextPvId(),3/1/9270,,null,"9530/3 Meningioma, malignant",Clinical_Diagnosis_PID,0
getNextPvId(),3/1/9521,,null,9531/0 Meningothelial meningioma,Clinical_Diagnosis_PID,0
getNextPvId(),3/1/9522,,null,9532/0 Fibrous meningioma,Clinical_Diagnosis_PID,0
getNextPvId(),3/1/9523,,null,9533/0 Psammomatous meningioma,Clinical_Diagnosis_PID,0
getNextPvId(),3/1/9520,,null,9534/0 Angiomatous meningioma,Clinical_Diagnosis_PID,0
getNextPvId(),3/1/9460,,null,9537/0 Transitional meningioma,Clinical_Diagnosis_PID,0
getNextPvId(),3/1/9451,,null,9538/1 Clear cell meningioma,Clinical_Diagnosis_PID,0
getNextPvId(),3/1/9450,,null,9538/3 Papillary meningioma,Clinical_Diagnosis_PID,0
getNextPvId(),3/1/9184,,null,9539/1 Atypical meningioma,Clinical_Diagnosis_PID,0
getNextPvId(),3/1/9180,,null,9539/3 Meningeal sarcomatosis,Clinical_Diagnosis_PID,0
getNextPvId(),3/1/8590,,null,"9540/0 Neurofibroma, NOS",Clinical_Diagnosis_PID,0
getNextPvId(),3/1/8290,,null,"9540/1 Neurofibromatosis, NOS",Clinical_Diagnosis_PID,0
getNextPvId(),8290/0,,null,9540/3 Malignant peripheral nerve sheath tumour,Clinical_Diagnosis_PID,0
getNextPvId(),3/1/8541,,null,9541/0 Melanotic neurofibroma,Clinical_Diagnosis_PID,0
getNextPvId(),3/1/8543,,null,9550/0 Plexiform neurofibroma,Clinical_Diagnosis_PID,0
getNextPvId(),3/1/8542,,null,"9560/0 Neurilemoma, NOS",Clinical_Diagnosis_PID,0
getNextPvId(),3/1/8540,,null,9560/1 Neurinomatosis,Clinical_Diagnosis_PID,0
getNextPvId(),3/1/8971,,null,"9560/3 Neurilemmoma, malignant",Clinical_Diagnosis_PID,0
getNextPvId(),3/1/8260,,null,9561/3 MPNST with rhabdomyoblastic differentiation,Clinical_Diagnosis_PID,0
getNextPvId(),8260/0,,null,9562/0 Neurothekeoma,Clinical_Diagnosis_PID,0
getNextPvId(),2/1/8050,,null,"9570/0 Neuroma, NOS",Clinical_Diagnosis_PID,0
getNextPvId(),3/1/8344,,null,"9571/0 Perineurioma, NOS",Clinical_Diagnosis_PID,0
getNextPvId(),3/1/8343,,null,"9571/3 Perineurioma, malignant",Clinical_Diagnosis_PID,0
getNextPvId(),3/1/8340,,null,"9580/0 Granular cell tumour, NOS",Clinical_Diagnosis_PID,0
getNextPvId(),3/1/8050,,null,"9580/3 Granular cell tumour, malignant",Clinical_Diagnosis_PID,0
getNextPvId(),3/1/8342,,null,9581/3 Alveolar soft part sarcoma,Clinical_Diagnosis_PID,0
getNextPvId(),1/1/9352,,null,9582/0 Granular cell tumour of the sellar region,Clinical_Diagnosis_PID,0
getNextPvId(),3/1/8450,,null,"9590/3 Malignant lymphoma, NOS",Clinical_Diagnosis_PID,0
getNextPvId(),1/1/8451,,null,"9591/3 Malignant lymphoma, non-Hodgkin",Clinical_Diagnosis_PID,0
getNextPvId(),3/1/9393,,null,9596/3 Composite Hodgkin and non-Hodgkin lymphoma,Clinical_Diagnosis_PID,0
getNextPvId(),3/1/9538,,null,9597/3 Primary Cutaneous follicle centre lymphoma,Clinical_Diagnosis_PID,0
getNextPvId(),3/1/8341,,null,"9650/3 Hodgkin lymphoma, NOS",Clinical_Diagnosis_PID,0
getNextPvId(),3/1/8471,,null,"9651/3 Hodgkin lymphoma, lymphocyte-rich",Clinical_Diagnosis_PID,0
getNextPvId(),1/1/8473,,null,"9652/3 Hodgkin lymphoma, mixed cellularity, NOS",Clinical_Diagnosis_PID,0
getNextPvId(),3/1/8460,,null,"9653/3 Hodgkin lymphoma, lymphocytic depletion, NOS",Clinical_Diagnosis_PID,0
getNextPvId(),3/1/8052,,null,"9654/3 Hodgkin lymphoma, lymphocyte depletion, diffuse fibrosis",Clinical_Diagnosis_PID,0
getNextPvId(),2/1/8052,,null,"9655/3 Hodgkin lymphoma, lymphocyte depletion, reticular",Clinical_Diagnosis_PID,0
getNextPvId(),3/1/8130,,null,"9659/3 Hodgkin lymphoma, nodular lymphocyte predominant",Clinical_Diagnosis_PID,0
getNextPvId(),2/1/8130,,null,9661/3 Hodgkin granuloma [obs],Clinical_Diagnosis_PID,0
getNextPvId(),3/1/8680,,null,9662/3 Hodgkin sarcoma [obs],Clinical_Diagnosis_PID,0
getNextPvId(),1/1/8680,,null,"9663/3 Hodgkin lymphoma, nodular sclerosis, NOS",Clinical_Diagnosis_PID,0
getNextPvId(),3/1/8214,,null,"9664/3 Hodgkin lymphoma, nodular sclerosis, cellular phase",Clinical_Diagnosis_PID,0
getNextPvId(),3/1/9192,,null,"9665/3 Hodgkin lymphoma, nodular sclerosis, grade 1",Clinical_Diagnosis_PID,0
getNextPvId(),3/1/9571,,null,"9667/3 Hodgkin lymphoma, nodular sclerosis, grade 2",Clinical_Diagnosis_PID,0
getNextPvId(),9571/0,,null,"9670/3 Malignant lymphoma, small B lymphocytic, NOS",Clinical_Diagnosis_PID,0
getNextPvId(),3/1/8812,,null,"9671/3 Malignant lymphoma, lymphoplasmacytic",Clinical_Diagnosis_PID,0
getNextPvId(),3/1/9193,,null,9673/3 Mantle cell lymphoma,Clinical_Diagnosis_PID,0
getNextPvId(),3/1/9364,,null,"9675/3 Malignant lymphoma, mixed small and large cell, diffuse",Clinical_Diagnosis_PID,0
getNextPvId(),3/1/8700,,null,9678/3 Primary effusion lymphoma,Clinical_Diagnosis_PID,0
getNextPvId(),3/1/9020,,null,9679/3 Mediastinal large B-cell lymphoma,Clinical_Diagnosis_PID,0
getNextPvId(),3/1/8833,,null,"9680/3 Malignant lymphoma, large B-cell, diffuse",Clinical_Diagnosis_PID,0
getNextPvId(),1/1/9421,,null,"9684/3 Malignant lymphoma, large B-cell, diffuse, immunoblastic, NOS",Clinical_Diagnosis_PID,0
getNextPvId(),3/1/9421,,null,"9687/3 Burkitt lymphoma, NOS",Clinical_Diagnosis_PID,0
getNextPvId(),3/1/8110,,null,9688/3 T-cell histiocyte rich large B-cell lymphoma,Clinical_Diagnosis_PID,0
getNextPvId(),1/1/9360,,null,9689/3 Splenic marginal zone B-cell lymphoma,Clinical_Diagnosis_PID,0
getNextPvId(),3/1/9362,,null,"9690/3 Follicular lymphoma, NOS",Clinical_Diagnosis_PID,0
getNextPvId(),1/1/9361,,null,"9691/3 Follicular lymphoma, grade 2",Clinical_Diagnosis_PID,0
getNextPvId(),8272/0,,null,"9695/3 Follicular lymphoma, grade 1",Clinical_Diagnosis_PID,0
getNextPvId(),3/1/8272,,null,"9698/3 Follicular lymphoma, grade 3",Clinical_Diagnosis_PID,0
getNextPvId(),3/1/9733,,null,"9699/3 Marginal zone B-cell lymphoma, NOS",Clinical_Diagnosis_PID,0
getNextPvId(),3/1/9735,,null,9700/3 Mycosis fungoides,Clinical_Diagnosis_PID,0
getNextPvId(),3/1/9734,,null,9701/3 Sezary syndrome,Clinical_Diagnosis_PID,0
getNextPvId(),3/1/9731,,null,"9702/3 Mature T-cell lymphoma, NOS",Clinical_Diagnosis_PID,0
getNextPvId(),3/1/8022,,null,9705/3 Angioimmunoblastic T-cell lymphoma,Clinical_Diagnosis_PID,0
getNextPvId(),3/1/8854,,null,9708/3 Subcutaneous panniculitis-like T-cell lymphoma,Clinical_Diagnosis_PID,0
getNextPvId(),3/1/8901,,null,"9709/3 Cutaneous T-cell lymphoma, NOS",Clinical_Diagnosis_PID,0
getNextPvId(),3/1/9424,,null,9712/3 Intravascular large B-cell lymphoma,Clinical_Diagnosis_PID,0
getNextPvId(),3/1/8973,,null,"9714/3 Anaplastic large cell lymphoma, T-cell and Null cell type",Clinical_Diagnosis_PID,0
getNextPvId(),9550/0,,null,9716/3 Hepatosplenic gamma-delta cell lymphoma,Clinical_Diagnosis_PID,0
getNextPvId(),3/1/9423,,null,9717/3 Intestinal T-cell lymphoma,Clinical_Diagnosis_PID,0
getNextPvId(),3/1/9950,,null,9718/3 Primary cutaneous CD30-positive T-cell proliferations disorder,Clinical_Diagnosis_PID,0
getNextPvId(),3/1/9072,,null,"9719/3 NK/T-cell lymphoma, nasal and nasal-type",Clinical_Diagnosis_PID,0
getNextPvId(),3/1/8034,,null,9724/3 SystemicEBV pos. T-cell lymphoproliferative disease of childhood,Clinical_Diagnosis_PID,0
getNextPvId(),3/1/9971,,null,9725/3 Hydroa vacciniforme-like lymphoma,Clinical_Diagnosis_PID,0
getNextPvId(),3/1/8525,,null,9726/3 Primary Cutaneous gamma-delta T-cell lymphoma,Clinical_Diagnosis_PID,0
getNextPvId(),2/1/8741,,null,"9727/3 Precursor cell lymphoblastic lymphoma, NOS",Clinical_Diagnosis_PID,0
getNextPvId(),3/1/9836,,null,9728/3 Precursor B-cell lymphoblastic lymphoma,Clinical_Diagnosis_PID,0
getNextPvId(),3/1/9728,,null,9729/3 Precursor T-cell lymphoblastic lymphoma,Clinical_Diagnosis_PID,0
getNextPvId(),3/1/9835,,null,"9731/3 Plasmacytoma, NOS",Clinical_Diagnosis_PID,0
getNextPvId(),3/1/9727,,null,9732/3 Multiple myeloma,Clinical_Diagnosis_PID,0
getNextPvId(),3/1/9729,,null,9733/3 Plasma cell leukemia,Clinical_Diagnosis_PID,0
getNextPvId(),3/1/9718,,null,"9734/3 Plasmacytoma, extramedullary",Clinical_Diagnosis_PID,0
getNextPvId(),3/1/9597,,null,9735/3 Plasmablastic lymphoma,Clinical_Diagnosis_PID,0
getNextPvId(),3/1/9726,,null,9737/3 ALK positive large B-cell lymphoma,Clinical_Diagnosis_PID,0
getNextPvId(),3/1/9678,,null,9738/3 Large B-cell lymphoma in HHV8-associated multicentric Castleman DZ,Clinical_Diagnosis_PID,0
getNextPvId(),3/1/9473,,null,9740/3 Mast cell sarcoma,Clinical_Diagnosis_PID,0
getNextPvId(),8271/0,,null,9741/3 Malignant mastocytosis,Clinical_Diagnosis_PID,0
getNextPvId(),3/1/9833,,null,9742/3 Mast cell leukemia,Clinical_Diagnosis_PID,0
getNextPvId(),3/1/9832,,null,9750/3 Malignant histiocytosis,Clinical_Diagnosis_PID,0
getNextPvId(),3/1/9834,,null,"9751/3 Langerhans cell histiocytosis, NOS",Clinical_Diagnosis_PID,0
getNextPvId(),3/1/9410,,null,"9754/3 Langerhans cell histiocytosis, disseminated",Clinical_Diagnosis_PID,0
getNextPvId(),9533/0,,null,9755/3 Histiocytic sarcoma,Clinical_Diagnosis_PID,0
getNextPvId(),3/1/8033,,null,9756/3 Langerhans cell sarcoma,Clinical_Diagnosis_PID,0
getNextPvId(),3/1/8972,,null,9757/3 Interdigitating dendritic cell sarcoma,Clinical_Diagnosis_PID,0
getNextPvId(),2/1/8080,,null,9758/3 Follicular dendritic cell sarcoma,Clinical_Diagnosis_PID,0
getNextPvId(),3/1/9984,,null,9759/3 Fibroblastic reticular cell tumour,Clinical_Diagnosis_PID,0
getNextPvId(),3/1/9980,,null,"9760/3 Immunoproliferative disease, NOS",Clinical_Diagnosis_PID,0
getNextPvId(),3/1/9983,,null,9761/3 Waldenstrom macroglobulinemia,Clinical_Diagnosis_PID,0
getNextPvId(),3/1/9982,,null,"9762/3 Heavy chain disease, NOS",Clinical_Diagnosis_PID,0
getNextPvId(),3/1/9985,,null,9764/3 Immunoproliferative small intestinal disease,Clinical_Diagnosis_PID,0
getNextPvId(),3/1/9991,,null,9765/1 Monoclonal gammopathy of undetermined significance,Clinical_Diagnosis_PID,0
getNextPvId(),3/1/9992,,null,"9800/3 Leukemia, NOS",Clinical_Diagnosis_PID,0
getNextPvId(),3/1/8312,,null,"9801/3 Acute leukemia, NOS",Clinical_Diagnosis_PID,0
getNextPvId(),3/1/8317,,null,9805/3 Acute biphenotypic leukemia,Clinical_Diagnosis_PID,0
getNextPvId(),3/1/8318,,null,9806/3 Mixed phenotype acute leukemia with t(922)(q34q11.2)BCR-ABL1,Clinical_Diagnosis_PID,0
getNextPvId(),3/1/9511,,null,9807/3 Mixed phenotype acute leukemia with t(v11q23)MLL rearranged,Clinical_Diagnosis_PID,0
getNextPvId(),3/1/9513,,null,"9808/3 Mixed phenotype acute leukemia, B/myeloid, NOS",Clinical_Diagnosis_PID,0
getNextPvId(),3/1/9510,,null,"9809/3 Mixed phenotype acute leukemia, T/myeloid, NOS",Clinical_Diagnosis_PID,0
getNextPvId(),3/1/9512,,null,"9811/3 B lymphoblastic leukemia/lymphoma, NOS",Clinical_Diagnosis_PID,0
getNextPvId(),8900/0,,null,9812/3 Leukemia/lymphoma with t(922)(q34q11.2)BCR-ABL1,Clinical_Diagnosis_PID,0
getNextPvId(),3/1/8921,,null,9813/3 Leukemia/lymphoma with t(v11q23)MLL rearranged,Clinical_Diagnosis_PID,0
getNextPvId(),3/1/8900,,null,9814/3 Leukemia/lymphoma with t(1221)(p13q22)TEL-AML1(ETV6-RUNX1),Clinical_Diagnosis_PID,0
getNextPvId(),3/1/8853,,null,9815/3 B lymphoblastic leukemia/lymphoma with hyperdiploidy,Clinical_Diagnosis_PID,0
getNextPvId(),3/1/8800,,null,9816/3 Leukemia/lymphoma with hypodiploidy (hypodiploid ALL),Clinical_Diagnosis_PID,0
getNextPvId(),3/1/8121,,null,9817/3 B lymphblastic leukemia/lymphoma with t(514)(q31q32)IL3-IGH,Clinical_Diagnosis_PID,0
getNextPvId(),3/1/8141,,null,9818/3 Leukemia/lymphoma with t(119)(q23p13.3) E2A PBX1 (TCF3 PBX1),Clinical_Diagnosis_PID,0
getNextPvId(),3/1/8407,,null,"9820/3 Lymphoid leukemia, NOS",Clinical_Diagnosis_PID,0
getNextPvId(),3/1/8410,,null,9823/3 Chronic lymphocytic leukemia/small lymphocytic lymphoma,Clinical_Diagnosis_PID,0
getNextPvId(),3/1/8502,,null,9826/3 Burkitt cell leukemia,Clinical_Diagnosis_PID,0
getNextPvId(),3/1/9062,,null,9827/3 Adult T-cell leukemia/lymphoma (HTLV-1 pos.),Clinical_Diagnosis_PID,0
getNextPvId(),3/1/9061,,null,"9828/3 Acute lymphoblastic leukemia, L2 type, NOS",Clinical_Diagnosis_PID,0
getNextPvId(),3/1/9014,,null,9831/3 T-cell large granular lymphocytic leukemia,Clinical_Diagnosis_PID,0
getNextPvId(),3/1/8441,,null,"9832/3 Prolymphocytic leukemia, NOS",Clinical_Diagnosis_PID,0
getNextPvId(),1/1/8442,,null,"9833/3 Prolymphocytic leukemia, B-cell type",Clinical_Diagnosis_PID,0
getNextPvId(),1/1/8462,,null,"9834/3 Prolymphocytic leukemia, T-cell type",Clinical_Diagnosis_PID,0
getNextPvId(),3/1/8461,,null,"9835/3 Precursor cell lymphoblastic leukemia, NOS",Clinical_Diagnosis_PID,0
getNextPvId(),3/1/8640,,null,9836/3 Precursor B-cell lymphoblastic leukemia,Clinical_Diagnosis_PID,0
getNextPvId(),3/1/8631,,null,9837/3 T lymphoblastic leukemia/lymphoma,Clinical_Diagnosis_PID,0
getNextPvId(),3/1/8634,,null,"9840/3 Acute myeloid leukemia, M6 type",Clinical_Diagnosis_PID,0
getNextPvId(),3/1/9701,,null,"9860/3 Myeloid leukemia, NOS",Clinical_Diagnosis_PID,0
getNextPvId(),3/1/8490,,null,9861/3 Acute myeloid leukemia,Clinical_Diagnosis_PID,0
getNextPvId(),3/1/8390,,null,"9863/3 Chronic myeloid leukemia, NOS",Clinical_Diagnosis_PID,0
getNextPvId(),3/1/8043,,null,9865/3 Acute myeloid leukemia with t(69)(p23q34) DEK-NUP214,Clinical_Diagnosis_PID,0
getNextPvId(),3/1/8044,,null,"9866/3 Acute promyelocytic leukemia,t(15;17)(q22;q11-12)",Clinical_Diagnosis_PID,0
getNextPvId(),3/1/8041,,null,9867/3 Acute myelomonocytic leukemia,Clinical_Diagnosis_PID,0
getNextPvId(),3/1/9185,,null,9869/3 Acute myeloid leukemia with inv(3)(q21q26.2) or t(33)(q21q26.2)RPN1EVI1,Clinical_Diagnosis_PID,0
getNextPvId(),3/1/8803,,null,9870/3 Acute basophilic leukemia,Clinical_Diagnosis_PID,0
getNextPvId(),1/1/8897,,null,9871/3 Acute myelomonocytic leukemia with abnnormal marrow eosinophils,Clinical_Diagnosis_PID,0
getNextPvId(),8800/0,,null,"9872/3 Acute myeloid leukemia, minimal differentiation",Clinical_Diagnosis_PID,0
getNextPvId(),3/1/8230,,null,9873/3 Acute myeloid leukemia without maturation,Clinical_Diagnosis_PID,0
getNextPvId(),3/1/8452,,null,9874/3 Acute myeloid leukemia with maturation,Clinical_Diagnosis_PID,0
getNextPvId(),8815/0,,null,"9875/3 Chronic myelogenous leukemia, BCR/ABL positive",Clinical_Diagnosis_PID,0
getNextPvId(),3/1/8815,,null,"9876/3 Atypical chronic myeloid leukemia, BCR/ABL negative",Clinical_Diagnosis_PID,0
getNextPvId(),3/1/8156,,null,9891/3 Acute monocytic leukemia,Clinical_Diagnosis_PID,0
getNextPvId(),3/1/9063,,null,9895/3 Acute myeloid leukemia with multilineage dysplasia,Clinical_Diagnosis_PID,0
getNextPvId(),3/1/8032,,null,"9896/3 Acute myeloid leukemia, t(8;21)(q22;q22)",Clinical_Diagnosis_PID,0
getNextPvId(),3/1/8772,,null,"9897/3 Acute myeloid leukemia, 11q23 abnormalities",Clinical_Diagnosis_PID,0
getNextPvId(),3/1/8773,,null,9898/3 Myeloid leukemia associated with Down Syndrome,Clinical_Diagnosis_PID,0
getNextPvId(),3/1/8774,,null,9910/3 Acute megakaryoblastic leukemia,Clinical_Diagnosis_PID,0
getNextPvId(),3/1/8912,,null,9911/3 Acute myeloid leukemia (megakaryoblastic) with t(122)(p13q13)RBM15-MLK1,Clinical_Diagnosis_PID,0
getNextPvId(),3/1/8801,,null,"9920/3 Therapy-related acute myeloid leukemia, NOS",Clinical_Diagnosis_PID,0
getNextPvId(),3/1/8588,,null,9930/3 Myeloid sarcoma,Clinical_Diagnosis_PID,0
getNextPvId(),3/1/9689,,null,9931/3 Acute panmyelosis with myelofibrosis,Clinical_Diagnosis_PID,0
getNextPvId(),3/1/9504,,null,9940/3 Hairy cell leukemia,Clinical_Diagnosis_PID,0
getNextPvId(),2/1/8076,,null,"9945/3 Chronic myelomonocytic leukemia, NOS",Clinical_Diagnosis_PID,0
getNextPvId(),3/1/8071,,null,9946/3 Juvenile myelomonocytic leukemia,Clinical_Diagnosis_PID,0
getNextPvId(),2/1/8071,,null,9948/3 Aggressive NK-cell leukemia,Clinical_Diagnosis_PID,0
getNextPvId(),3/1/8072,,null,9950/3 Polycythemia vera,Clinical_Diagnosis_PID,0
getNextPvId(),2/1/8072,,null,"9960/3 Chronic myeloproliferative disease, NOS",Clinical_Diagnosis_PID,0
getNextPvId(),3/1/8076,,null,9961/3 Myelosclerosis with myeloid metaplasia,Clinical_Diagnosis_PID,0
getNextPvId(),3/1/8073,,null,9962/3 Essential thrombocythemia,Clinical_Diagnosis_PID,0
getNextPvId(),3/1/8074,,null,9963/3 Chronic neutrophilic leukemia,Clinical_Diagnosis_PID,0
getNextPvId(),2/1/8070,,null,9964/3 Hypereosinophilic syndrome,Clinical_Diagnosis_PID,0
getNextPvId(),3/1/8078,,null,9965/3 Myeloid and lymphoid neoplasms with PDGFRB rearrangement,Clinical_Diagnosis_PID,0
getNextPvId(),3/1/8075,,null,9966/3 Myeloid and lymphoid neoplasms with PDGFRB re arrangement,Clinical_Diagnosis_PID,0
getNextPvId(),3/1/8084,,null,9967/3 Myeloid and lymphoid neoplasm with FGFR1 abnormalities,Clinical_Diagnosis_PID,0
getNextPvId(),3/1/8070,,null,"9970/1 Lymphoproliferative disorder, NOS",Clinical_Diagnosis_PID,0
getNextPvId(),2/1/8077,,null,9971/3 Polymorphic PTLD,Clinical_Diagnosis_PID,0
getNextPvId(),3/1/8670,,null,"9975/3 Myelodysplastic/Myeloproliferative neoplasm, unclassifiable",Clinical_Diagnosis_PID,0
getNextPvId(),3/1/8935,,null,9980/3 Refractory anemia,Clinical_Diagnosis_PID,0
getNextPvId(),3/1/9090,,null,9982/3 Refractory anemia with sideroblasts,Clinical_Diagnosis_PID,0
getNextPvId(),3/1/9708,,null,9983/3 Refractory anemia with excess blasts,Clinical_Diagnosis_PID,0
getNextPvId(),1/1/9383,,null,9984/3 Refract. anemia with excess blasts in transformation,Clinical_Diagnosis_PID,0
getNextPvId(),1/1/9384,,null,9985/3 Refractory cytopenia with multilineage dysplasia,Clinical_Diagnosis_PID,0
getNextPvId(),3/1/8143,,null,9986/3 Myelodysplastic syndr. with 5q deletion syndrome,Clinical_Diagnosis_PID,0
getNextPvId(),3/1/8743,,null,"9987/3 Therapy-related myelodysplastic syndrome, NOS",Clinical_Diagnosis_PID,0
getNextPvId(),2/1/8743,,null,"9989/3 Myelodysplastic syndrome, NOS",Clinical_Diagnosis_PID,0
getNextPvId(),3/1/8400,,null,9991/3 Refractory neutropenia,Clinical_Diagnosis_PID,0
getNextPvId(),3/1/9043,,null,9992/3 Refractory thrombocytopenia,Clinical_Diagnosis_PID,0
getNextPvId(),3/1/9042,,null,Z08 Follow-up examination after treatment for malignant neoplasm,Clinical_Diagnosis_PID,0
getNextPvId(),3/1/9040,,null,Z40.0 Prophylactic surgery for risk-factors related to malignant neoplasms,Clinical_Diagnosis_PID,0
getNextPvId(),3/1/9041,,null,Z41.1 Other plastic surgery for unacceptable cosmetic appearance,Clinical_Diagnosis_PID,0
getNextPvId(),3/1/9724,,null,"Z51 Non-malignant diagnosis, no history of cancer (Other Medical Care)",Clinical_Diagnosis_PID,0
getNextPvId(),3/1/9837,,null,Z85 Personal history of malignant neoplasm,Clinical_Diagnosis_PID,0
getNextPvId(),3/1/9688,,null,Not Specified,Clinical_Diagnosis_PID,0