<?xml version="1.0" encoding="UTF-8"?>
<databaseChangeLog
  xmlns="http://www.liquibase.org/xml/ns/dbchangelog"
  xmlns:xsi="http://www.w3.org/2001/XMLSchema-instance"
  xsi:schemaLocation="http://www.liquibase.org/xml/ns/dbchangelog 
  http://www.liquibase.org/xml/ns/dbchangelog/dbchangelog-3.1.xsd">

  <changeSet author="vpawar" id="Index on container site" dbms="oracle">
    <createIndex tableName="OS_STORAGE_CONTAINERS" indexName="OS_ST_CONT_SITE_IDX">
      <column name="SITE_ID"/>
    </createIndex>
  </changeSet>

  <changeSet author="vpawar" id="Index on container parent" dbms="oracle">
    <createIndex tableName="OS_STORAGE_CONTAINERS" indexName="OS_ST_CONT_PARENT_IDX">
      <column name="PARENT_CONTAINER_ID"/>
    </createIndex>
  </changeSet>

  <changeSet author="vpawar" id="Index on container to which position belongs" dbms="oracle">
    <createIndex tableName="OS_CONTAINER_POSITIONS" indexName="OS_POS_CONT_IDX">
      <column name="STORAGE_CONTAINER_ID"/>
    </createIndex>
  </changeSet>

  <changeSet author="vpawar" id="Index on container allowed protocols" dbms="oracle">
    <createIndex tableName="OS_STOR_CONTAINER_COMP_CPS" indexName="OS_ST_CONT_CP_IDX">
      <column name="STORAGE_CONTAINER_ID"/>
      <column name="CP_ID"/>
    </createIndex>
  </changeSet>

  <changeSet author="vpawar" id="Index on container allowed specimen classes" dbms="oracle">
    <createIndex tableName="OS_STOR_CONT_COMP_SPEC_CLASSES" indexName="OS_ST_CONT_SPMN_CLASS_IDX">
      <column name="STORAGE_CONTAINER_ID"/>
      <column name="SPECIMEN_CLASS"/>
    </createIndex>
  </changeSet>

  <changeSet author="vpawar" id="Index on container allowed specimen types" dbms="oracle">
    <createIndex tableName="OS_STOR_CONT_COMP_SPEC_TYPES" indexName="OS_ST_CONT_SPMN_TYPE_IDX">
      <column name="STORAGE_CONTAINER_ID"/>
      <column name="SPECIMEN_TYPE"/>
    </createIndex>
  </changeSet>

  <changeSet author="vpawar" id="Track when specimen list was created">
    <addColumn tableName="CATISSUE_SPECIMENLIST_TAGS">
      <column name="CREATED_ON" type="${timestamp.type}" defaultValueComputed="CURRENT_TIMESTAMP">
        <constraints nullable="false"/>
      </column>
    </addColumn>
  </changeSet>

  <changeSet author="vpawar" id="Bulk import job parameters table">
    <createTable tableName="OS_BULK_IMPORT_JOB_PARAMS">
      <column name="JOB_ID" type="${int.type}">
        <constraints nullable="false"/>
      </column>

      <column name="PARAM" type="${text.type}(32)">
        <constraints nullable="false"/>
      </column>

      <column name="VALUE" type="${text.type}(64)">
        <constraints nullable="false"/>
      </column>
    </createTable>
  </changeSet>

  <changeSet author="vpawar" id="Foreign key on job ID of params table">
    <addForeignKeyConstraint
      constraintName="FK_JOB_PARAMS_JOB_ID"
      baseTableName="OS_BULK_IMPORT_JOB_PARAMS"
      baseColumnNames="JOB_ID"
      referencedTableName="OS_BULK_IMPORT_JOBS"
      referencedColumnNames="IDENTIFIER"/>
  </changeSet>

  <changeSet author="slakhani" id="User allowed to manage custom form">
    <addColumn tableName="CATISSUE_USER">
      <column name="MANAGE_FORMS" type="${boolean.type}" defaultValueBoolean="0">
        <constraints nullable="false"/>
      </column>
    </addColumn>
  </changeSet>

  <changeSet author="vpawar" id="Track when specimen list/cart was last updated">
    <addColumn tableName="CATISSUE_SPECIMENLIST_TAGS">
      <column name="LAST_UPDATED_ON" type="${nullable.ts.type}">
        <constraints nullable="true"/>
      </column>
    </addColumn>
  </changeSet>

  <changeSet author="vpawar" id="Update last updated on to start with created on time for existing carts">
    <sql>
      update catissue_specimenlist_tags set last_updated_on = created_on;
    </sql>
  </changeSet>

  <changeSet author="vgaikwad" id="CP level fields to specify visit name print mode and copies to print">
    <addColumn tableName="CATISSUE_COLLECTION_PROTOCOL">
      <column name="VISIT_NAME_PRINT_MODE" type="${text.type}(32)"/>
      <column name="VISIT_NAME_PRINT_COPIES" type="${int.type}"/>
    </addColumn>
  </changeSet>

  <changeSet author="vgaikwad" id="Event level fields to specify visit name print mode and copies to print">
    <addColumn tableName="CATISSUE_COLL_PROT_EVENT">
      <column name="VISIT_NAME_PRINT_MODE" type="${text.type}(32)"/>
      <column name="VISIT_NAME_PRINT_COPIES" type="${int.type}"/>
    </addColumn>
  </changeSet>

</databaseChangeLog>
