<?xml version="1.0" encoding="UTF-8"?>
<databaseChangeLog 
  xmlns="http://www.liquibase.org/xml/ns/dbchangelog"
  xmlns:xsi="http://www.w3.org/2001/XMLSchema-instance" xmlns:ext="http://www.liquibase.org/xml/ns/dbchangelog-ext"
  xsi:schemaLocation="http://www.liquibase.org/xml/ns/dbchangelog http://www.liquibase.org/xml/ns/dbchangelog/dbchangelog-3.1.xsd
        http://www.liquibase.org/xml/ns/dbchangelog-ext http://www.liquibase.org/xml/ns/dbchangelog/dbchangelog-ext.xsd">
        
  <changeSet author="nmarwaha" id="Added Buffy Coat specimen type under class Fluid">
    <preConditions onFail="MARK_RAN">
      <sqlCheck expectedResult="0">
        select 
          count(pv.identifier) 
        from 
          catissue_permissible_value pv 
          join catissue_permissible_value parent on pv.parent_identifier = parent.identifier
        where 
          pv.value = 'Buffy Coat' and parent.value = 'Fluid' and parent.public_id = '2003991'
      </sqlCheck>
    </preConditions>
    <sql>
      insert into catissue_permissible_value
        (identifier, concept_code, definition, parent_identifier, value, public_id, sortorder)
      values 
        (getNextPvId(), '', '', getPvParentId('2003991', 'Fluid'), 'Buffy Coat', null, null)
    </sql>
  </changeSet>
</databaseChangeLog>
