<?xml version='1.0' encoding='utf-8'?>
<!DOCTYPE hibernate-mapping PUBLIC
    "-//Hibernate/Hibernate Mapping DTD 3.0//EN"
    "http://hibernate.sourceforge.net/hibernate-mapping-3.0.dtd">

<hibernate-mapping auto-import="false">
  <class
    name="com.krishagni.catissueplus.core.auth.domain.AuthDomain"
    table="OS_AUTH_DOMAINS">
	
    <id name="id" column="IDENTIFIER">
      <generator class="native">
        <param name="sequence">OS_AUTH_DOMAINS_SEQ</param>
      </generator>
    </id>

    <many-to-one name="authProvider" property-ref="authType" column="AUTH_TYPE" cascade="all"/>
	
    <property name="name" column="DOMAIN_NAME"/>    
        
    <query name="getDomainByName">
      from com.krishagni.catissueplus.core.auth.domain.AuthDomain where name = :domainName
    </query>
    
    <query name="getDomainByType">
      select 
        domain
      from 
        com.krishagni.catissueplus.core.auth.domain.AuthDomain domain
        join domain.authProvider provider
      where 
        provider.authType = :authType
    </query>
	
    <query name="getAuthDomains">
      from com.krishagni.catissueplus.core.auth.domain.AuthDomain
    </query>
    
  </class>
</hibernate-mapping>
