<?xml version='1.0' encoding='utf-8'?>
<!DOCTYPE hibernate-mapping PUBLIC
  "-//Hibernate/Hibernate Mapping DTD 3.0//EN"
  "http://hibernate.sourceforge.net/hibernate-mapping-3.0.dtd">

<hibernate-mapping auto-import="false">

  <class name="com.krishagni.catissueplus.core.biospecimen.domain.CollectionProtocolEvent"
    table="CATISSUE_COLL_PROT_EVENT">

    <id name="id" column="IDENTIFIER">
      <generator class="native">
        <param name="sequence">CATISSUE_COLL_PROT_EV_SEQ</param>
      </generator>
    </id>

    <property name="code" column="CODE"/>

    <property name="eventLabel" column="COLLECTION_POINT_LABEL"/>

    <property name="eventPoint" column="STUDY_CALENDAR_EVENT_POINT"/>

    <many-to-one
      name="collectionProtocol"
      class="com.krishagni.catissueplus.core.biospecimen.domain.CollectionProtocol"
      cascade="none"
      outer-join="auto"
      column="COLLECTION_PROTOCOL_ID"/>

    <many-to-one
      name="defaultSite"
      class="com.krishagni.catissueplus.core.administrative.domain.Site"
      cascade="none"
      lazy="false"
      column="DEFAULT_SITE_ID"/>

    <property name="clinicalDiagnosis" column="CLINICAL_DIAGNOSIS"/>

    <property name="clinicalStatus" column="CLINICAL_STATUS"/>

    <property name="visitNamePrintMode" column="VISIT_NAME_PRINT_MODE">
      <type name="org.hibernate.type.EnumType">
        <param name="enumClass">
          com.krishagni.catissueplus.core.biospecimen.domain.CollectionProtocol$VisitNamePrintMode
        </param>
        <param name="type">12</param>
      </type>
    </property>

    <property name="visitNamePrintCopies" column="VISIT_NAME_PRINT_COPIES"/>

    <property name="activityStatus" column="ACTIVITY_STATUS"/>

    <set
      name="specimenRequirements"
      table="CATISSUE_CP_REQ_SPECIMEN"
      inverse="true"
      cascade="all-delete-orphan"
      order-by="id asc">
      <key column="COLLECTION_PROTOCOL_EVENT_ID"/>
      <one-to-many class="com.krishagni.catissueplus.core.biospecimen.domain.SpecimenRequirement"/>
      <filter name="activeEntity"/>
    </set>

    <set
      name="specimenCollectionGroups"
      table="CATISSUE_SPECIMEN_COLL_GROUP"
      lazy="true"
      inverse="true"
      cascade="save-update"
      sort="unsorted">
      <key column="COLLECTION_PROTOCOL_EVENT_ID"/>
      <one-to-many class="com.krishagni.catissueplus.core.biospecimen.domain.Visit"/>
    </set>

    <filter name="activeEntity"/>

    <query name="getCpeByIds">
      from
        com.krishagni.catissueplus.core.biospecimen.domain.CollectionProtocolEvent cpe
      where
        cpe.id in (:cpeIds)
    </query>

    <query name="getByCode">
      select
        cpe
      from
        com.krishagni.catissueplus.core.biospecimen.domain.CollectionProtocolEvent cpe
        join cpe.collectionProtocol cp
      where
        cp.shortTitle = :shortTitle and
        cpe.code = :code
    </query>

    <query name="getMinEventPoint">
      select
        min(cpe.eventPoint)
      from
        com.krishagni.catissueplus.core.biospecimen.domain.CollectionProtocolEvent cpe
        join cpe.collectionProtocol cp
      where
        cp.id = :cpId
    </query>
  </class>
</hibernate-mapping>
