<?xml version='1.0' encoding='utf-8'?>
<!DOCTYPE hibernate-mapping PUBLIC
    "-//Hibernate/Hibernate Mapping DTD 3.0//EN"
    "http://hibernate.sourceforge.net/hibernate-mapping-3.0.dtd">

<hibernate-mapping auto-import="false">
  <class name="com.krishagni.catissueplus.core.administrative.domain.Site" 
    table="CATISSUE_SITE">
    
    <id  name="id" column="IDENTIFIER">
      <generator class="native">
        <param name="sequence">CATISSUE_SITE_SEQ</param>
      </generator>
    </id>

    <property name="name" column="NAME"/>
    
    <many-to-one name="institute" column="INSTITUTE_ID"/>
          
    <property name="code" column="CODE"/>
            
    <property name="type" column="TYPE"/>
            
    <property name="activityStatus" column="ACTIVITY_STATUS"/>

    <property name="address" column="address"/>

    <set name="coordinators"  table="CATISSUE_SITE_COORDINATORS">
      <key column="SITE_ID"/>
      <many-to-many column="USER_ID" class="com.krishagni.catissueplus.core.administrative.domain.User"/>
    </set>
        
    <set name="storageContainers" table="OS_STORAGE_CONTAINERS">
      <key column="SITE_ID"/>
      <one-to-many class="com.krishagni.catissueplus.core.administrative.domain.StorageContainer"/>
      <filter name="activeEntity"/>
    </set>
         
    <set name="visits" table="CATISSUE_SPECIMEN_COLL_GROUP">
      <key column="SITE_ID"/>
      <one-to-many class="com.krishagni.catissueplus.core.biospecimen.domain.Visit"/>
      <filter name="activeEntity"/>
    </set>
    
    <set name="collectionProtocols" table="CATISSUE_SITE_CP" inverse="false" cascade="none" sort="unsorted">
      <key column="SITE_ID"/>
      <many-to-many class="com.krishagni.catissueplus.core.biospecimen.domain.CollectionProtocol" column="COLLECTION_PROTOCOL_ID">
        <filter name="activeEntity"/>
      </many-to-many>
    </set>
    
    <set name="participants" table="CATISSUE_PART_MEDICAL_ID" inverse="false" cascade="none" sort="unsorted">
      <key column="SITE_ID"/>
      <many-to-many class="com.krishagni.catissueplus.core.biospecimen.domain.Participant" column="PARTICIPANT_ID">
        <filter name="activeEntity"/>
      </many-to-many>
    </set>
    
    <set name="collectionProtocolEvents" inverse="false" cascade="none" sort="unsorted">
      <key column="DEFAULT_SITE_ID"/>
      <one-to-many class="com.krishagni.catissueplus.core.biospecimen.domain.CollectionProtocolEvent"/>    
      <filter name="activeEntity"/>
    </set>
    
    <set name="distributionOrders" inverse="false" cascade="none" sort="unsorted">
      <key column="SITE_ID"/>
      <one-to-many class="com.krishagni.catissueplus.core.administrative.domain.DistributionOrder"/>
      <filter name="activeEntity"/>
    </set>
    
    <filter name="activeEntity"/>

    <query name="getSitesByNames">
      from 
        com.krishagni.catissueplus.core.administrative.domain.Site site 
      where 
        site.name in (:siteNames) and site.activityStatus != 'Disabled'
    </query>
    
    <query name="getSiteByCode">
      from 
        com.krishagni.catissueplus.core.administrative.domain.Site site 
      where 
        site.code = :siteCode and site.activityStatus != 'Disabled'
    </query>

    <query name="getCpCountBySites">
      select
        site.id, count(cp.id)
      from
        com.krishagni.catissueplus.core.administrative.domain.Site site
        join site.collectionProtocols cp
      where
        site.id in (:siteIds)
      group by
        site.id
    </query>
  </class>
</hibernate-mapping>
 	
