<?xml version="1.0" encoding="UTF-8" standalone="no"?>
<databaseChangeLog xmlns="http://www.liquibase.org/xml/ns/dbchangelog" xmlns:xsi="http://www.w3.org/2001/XMLSchema-instance" xsi:schemaLocation="http://www.liquibase.org/xml/ns/dbchangelog http://www.liquibase.org/xml/ns/dbchangelog/dbchangelog-3.1.xsd">
  
  <changeSet id="Create table for case sensitivity check" author="nmarwaha" dbms="mysql">
    <createTable tableName="test_case_sensitivity">
      <column name="identifier" type="bigint(10)"/>
    </createTable>
  </changeSet>    
  
  <changeSet id="Pre condition to check the case sensitivity" author="nmarwaha" dbms="mysql">
    <preConditions onFail="HALT" 
      onFailMessage="Case sensitive flag not set. Please set 'lower_case_table_names = 1' in my.cnf file and restart the MySQL service.">
      <tableExists tableName="TEST_CASE_SENSITIVITY"/>
    </preConditions>
    <dropTable cascadeConstraints="true" tableName="test_case_sensitivity"/>
  </changeSet>      

</databaseChangeLog>
