<?xml version="1.0" encoding="UTF-8"?>
<databaseChangeLog 
  xmlns="http://www.liquibase.org/xml/ns/dbchangelog"
  xmlns:xsi="http://www.w3.org/2001/XMLSchema-instance" xmlns:ext="http://www.liquibase.org/xml/ns/dbchangelog-ext"
  xsi:schemaLocation="http://www.liquibase.org/xml/ns/dbchangelog http://www.liquibase.org/xml/ns/dbchangelog/dbchangelog-3.1.xsd
        http://www.liquibase.org/xml/ns/dbchangelog-ext http://www.liquibase.org/xml/ns/dbchangelog/dbchangelog-ext.xsd">

  <property name="bit.type" value="bit" dbms="mysql" />
  <property name="bit.type" value="number(1,0)" dbms="oracle" />

  <property name="boolean.type" value="boolean" dbms="mysql" />
  <property name="boolean.type" value="number(1,0)" dbms="oracle" />

  <property name="int.type" value="bigint" dbms="mysql" />
  <property name="int.type" value="number(19,0)" dbms="oracle" />

  <property name="smallint.type" value="smallint" dbms="mysql" />
  <property name="smallint.type" value="number(5,0)" dbms="oracle" />

  <property name="text.type" value="varchar" dbms="mysql" />
  <property name="text.type" value="varchar2" dbms="oracle" />

  <property name="double.type" value="double"/>

  <property name="autoIncrement" value="true" dbms="mysql"/>
  <property name="autoIncrement" value="false" dbms="oracle"/>

  <property name="timestamp.type" value="timestamp" dbms="oracle" />
  <property name="timestamp.type" value="timestamp" dbms="mysql" />

  <property name="nullable.ts.type" value="timestamp null" dbms="mysql" />
  <property name="nullable.ts.type" value="timestamp" dbms="oracle" />

  <property name="clob.type" value="text" dbms="mysql"/>
  <property name="clob.type" value="clob" dbms="oracle"/>

  <property name="decimal.type" value="decimal" dbms="mysql"/>
  <property name="decimal.type" value="number" dbms="oracle"/>
</databaseChangeLog>
