<form>
<view>
<name>contactInformation</name>
<caption><![CDATA[MIABIS Participant Contact Information]]></caption>
<row>
<textField>
<name>ST2</name>
<udn>firstName</udn>
<caption><![CDATA[First name]]></caption>
<phi>false</phi>
<mandatory>false</mandatory>
<toolTip><![CDATA[]]></toolTip>
<showLabel>true</showLabel>
<showInGrid>false</showInGrid>
<width>8</width>
<defaultValue><![CDATA[]]></defaultValue>
<url>false</url>
<password>false</password>
</textField>
</row>
<row>
<textField>
<name>ST3</name>
<udn>lastName</udn>
<caption><![CDATA[Last name]]></caption>
<phi>false</phi>
<mandatory>false</mandatory>
<toolTip><![CDATA[]]></toolTip>
<showLabel>true</showLabel>
<showInGrid>false</showInGrid>
<width>8</width>
<defaultValue><![CDATA[]]></defaultValue>
<url>false</url>
<password>false</password>
</textField>
</row>
<row>
<numberField>
<name>NT4</name>
<udn>phone</udn>
<caption><![CDATA[Phone]]></caption>
<phi>false</phi>
<mandatory>false</mandatory>
<toolTip><![CDATA[]]></toolTip>
<showLabel>true</showLabel>
<showInGrid>false</showInGrid>
<width>8</width>
<defaultValue><![CDATA[]]></defaultValue>
<noOfDigits>6</noOfDigits>
<noOfDigitsAfterDecimal>2</noOfDigitsAfterDecimal>
</numberField>
</row>
<row>
<textField>
<name>ST5</name>
<udn>email</udn>
<caption><![CDATA[Email]]></caption>
<phi>false</phi>
<mandatory>false</mandatory>
<toolTip><![CDATA[]]></toolTip>
<showLabel>true</showLabel>
<showInGrid>false</showInGrid>
<width>8</width>
<defaultValue><![CDATA[]]></defaultValue>
<url>false</url>
<password>false</password>
</textField>
</row>
<row>
<textArea>
<name>TA6</name>
<udn>address</udn>
<caption><![CDATA[Address]]></caption>
<phi>false</phi>
<mandatory>false</mandatory>
<toolTip><![CDATA[]]></toolTip>
<showLabel>true</showLabel>
<showInGrid>false</showInGrid>
<width>3</width>
<defaultValue><![CDATA[]]></defaultValue>
<height>3</height>
</textArea>
</row>
<row>
<numberField>
<name>NT7</name>
<udn>zIP</udn>
<caption><![CDATA[ZIP]]></caption>
<phi>false</phi>
<mandatory>false</mandatory>
<toolTip><![CDATA[]]></toolTip>
<showLabel>true</showLabel>
<showInGrid>false</showInGrid>
<width>8</width>
<defaultValue><![CDATA[]]></defaultValue>
<noOfDigits>6</noOfDigits>
<noOfDigitsAfterDecimal>2</noOfDigitsAfterDecimal>
</numberField>
</row>
<row>
<textField>
<name>ST8</name>
<udn>city</udn>
<caption><![CDATA[City]]></caption>
<phi>false</phi>
<mandatory>false</mandatory>
<toolTip><![CDATA[]]></toolTip>
<showLabel>true</showLabel>
<showInGrid>false</showInGrid>
<width>8</width>
<defaultValue><![CDATA[]]></defaultValue>
<url>false</url>
<password>false</password>
</textField>
</row>
<row>
<textField>
<name>ST9</name>
<udn>country</udn>
<caption><![CDATA[Country]]></caption>
<phi>false</phi>
<mandatory>false</mandatory>
<toolTip><![CDATA[]]></toolTip>
<showLabel>true</showLabel>
<showInGrid>false</showInGrid>
<width>8</width>
<defaultValue><![CDATA[]]></defaultValue>
<url>false</url>
<password>false</password>
</textField>
</row>
</view>
<skipRules>
</skipRules>
</form>
