<?xml version='1.0' encoding='utf-8'?>
<!DOCTYPE hibernate-mapping PUBLIC
    "-//Hibernate/Hibernate Mapping DTD 3.0//EN"
    "http://hibernate.sourceforge.net/hibernate-mapping-3.0.dtd">

<hibernate-mapping auto-import="false">
  <class
    name="com.krishagni.catissueplus.core.biospecimen.domain.ConsentTier"
    table="CATISSUE_CONSENT_TIER"
    lazy="false">
    
    <id name="id" column="IDENTIFIER">
      <generator class="native">
        <param name="sequence">CATISSUE_CONSENT_TIER_SEQ</param>
      </generator>
    </id>

    <property name="statement" column="STATEMENT"/>
      
    <property name="activityStatus" column="ACTIVITY_STATUS"/>

    <many-to-one
      name="collectionProtocol"
      class="com.krishagni.catissueplus.core.biospecimen.domain.CollectionProtocol"
      column="COLL_PROTOCOL_ID"/>
      
    <filter name="activeEntity"/>	
  </class>
</hibernate-mapping>

