<?xml version='1.0' encoding='utf-8'?>
<!DOCTYPE hibernate-mapping PUBLIC
    "-//Hibernate/Hibernate Mapping DTD 3.0//EN"
    "http://hibernate.sourceforge.net/hibernate-mapping-3.0.dtd">

<hibernate-mapping>
  <class
    name="com.krishagni.catissueplus.core.auth.domain.LoginAuditLog"
    table="OS_LOGIN_AUDIT_LOGS">
    
    <id name="id" column="IDENTIFIER">
      <generator class="native">
        <param name="sequence">OS_LOGIN_AUDIT_LOGS_SEQ</param>
      </generator>
    </id>
    
    <many-to-one name="user" column="USER_ID" not-null="true"/>	

    <property name="ipAddress" column="IP_ADDRESS" not-null="true"/>

    <property name="loginTime" column="LOGIN_TIME" not-null="true"/>

    <property name="logoutTime" column="LOGOUT_TIME"/>
    
    <property name="loginSuccessful" column="IS_LOGIN_SUCCESSFUL"/>
    
    <set name="apiLogs" table="OS_USER_API_CALLS_LOG">
      <key column="LOGIN_AUDIT_LOG_ID"/>
      <one-to-many class="com.krishagni.catissueplus.core.audit.domain.UserApiCallLog"/>
    </set>
    
    <query name="getLogsByUserId">
      from LoginAuditLog where user.id = :userId order by id desc
    </query>
  </class>
</hibernate-mapping>